設備変更履歴ID,変更内容,社員ID,設備ID,変更日時
1,新規登録,D999999,4,"2010/01/10 14:08:52"
2,リリース許可,D999994,4,"2010/01/10 14:08:52"
3,新規登録,D999998,70,"2010/01/21 10:15:00"
4,リリース許可,D999996,70,"2010/01/21 10:15:00"
5,新規登録,D999997,153,"2010/01/29 07:56:27"
6,新規登録,D999997,143,"2010/02/19 09:23:32"
7,リリース許可,D999996,143,"2010/02/19 09:23:32"
8,新規登録,D999999,114,"2010/05/03 07:30:56"
9,リリース許可,D999994,114,"2010/05/03 07:30:56"
10,新規登録,D999999,85,"2010/05/10 16:58:27"
11,リリース許可,D999996,85,"2010/05/10 16:58:27"
12,新規登録,D999998,72,"2010/05/18 06:59:04"
13,リリース許可,D999994,72,"2010/05/18 06:59:04"
14,新規登録,D999997,60,"2010/08/20 10:01:42"
15,新規登録,D999998,15,"2010/08/24 09:17:30"
16,リリース許可,D999996,15,"2010/08/24 09:17:30"
17,新規登録,D999998,23,"2010/08/25 23:55:54"
18,リリース許可,D999995,23,"2010/08/25 23:55:54"
19,○○を変更。▲▲⇒■■,D999999,23,"2010/09/29 14:46:48"
20,○○を変更。▲▲⇒■■,D999997,114,"2010/10/06 18:23:31"
21,○○を変更。▲▲⇒■■,D999998,23,"2010/10/06 19:53:01"
22,新規登録,D999998,117,"2010/10/18 17:48:02"
23,リリース許可,D999996,117,"2010/10/18 17:48:02"
24,○○を変更。▲▲⇒■■,D999999,4,"2010/10/19 04:44:47"
25,新規登録,D999999,22,"2010/10/19 15:00:19"
26,リリース許可,D999994,22,"2010/10/19 15:00:19"
27,○○を変更。▲▲⇒■■,D999997,72,"2010/10/30 06:45:07"
28,○○を変更。▲▲⇒■■,D999998,72,"2010/10/30 18:22:46"
29,○○を変更。▲▲⇒■■,D999999,114,"2010/11/17 16:28:05"
30,○○を変更。▲▲⇒■■,D999997,4,"2010/11/18 11:50:12"
31,○○を変更。▲▲⇒■■,D999998,85,"2010/11/19 09:07:24"
32,○○を変更。▲▲⇒■■,D999997,72,"2010/12/08 13:26:36"
33,○○を変更。▲▲⇒■■,D999997,114,"2010/12/24 01:35:34"
34,新規登録,D999998,132,"2011/01/05 01:03:47"
35,リリース許可,D999996,132,"2011/01/05 01:03:47"
36,新規登録,D999997,130,"2011/01/05 13:53:11"
37,リリース許可,D999994,130,"2011/01/05 13:53:11"
38,新規登録,D999997,101,"2011/01/06 10:29:51"
39,リリース許可,D999995,101,"2011/01/06 10:29:51"
40,○○を変更。▲▲⇒■■,D999998,4,"2011/01/13 23:35:06"
41,新規登録,D999997,111,"2011/01/20 07:55:33"
42,リリース許可,D999996,111,"2011/01/20 07:55:33"
43,○○を変更。▲▲⇒■■,D999999,22,"2011/01/20 09:40:20"
44,新規登録,D999997,112,"2011/01/31 09:09:50"
45,リリース許可,D999995,112,"2011/01/31 09:09:50"
46,新規登録,D999999,55,"2011/02/23 06:58:49"
47,新規登録,D999998,102,"2011/03/03 15:05:12"
48,リリース許可,D999994,102,"2011/03/03 15:05:12"
49,新規登録,D999999,150,"2011/03/18 19:23:39"
50,リリース許可,D999995,150,"2011/03/18 19:23:39"
51,新規登録,D999997,103,"2011/04/01 18:04:58"
52,新規登録,D999998,62,"2011/04/15 01:58:31"
53,○○を変更。▲▲⇒■■,D999998,23,"2011/04/17 10:39:43"
54,新規登録,D999997,38,"2011/04/23 00:02:51"
55,リリース許可,D999995,38,"2011/04/23 00:02:51"
56,○○を変更。▲▲⇒■■,D999998,101,"2011/04/28 11:19:49"
57,新規登録,D999999,6,"2011/05/02 19:37:15"
58,リリース許可,D999995,6,"2011/05/02 19:37:15"
59,○○を変更。▲▲⇒■■,D999999,72,"2011/05/12 11:01:13"
60,○○を変更。▲▲⇒■■,D999999,6,"2011/05/13 13:42:14"
61,新規登録,D999998,40,"2011/06/10 10:17:31"
62,リリース許可,D999995,40,"2011/06/10 10:17:31"
63,○○を変更。▲▲⇒■■,D999997,6,"2011/06/15 22:40:43"
64,新規登録,D999998,12,"2011/06/16 10:40:54"
65,リリース許可,D999996,12,"2011/06/16 10:40:54"
66,○○を変更。▲▲⇒■■,D999998,4,"2011/06/20 00:41:06"
67,○○を変更。▲▲⇒■■,D999998,102,"2011/07/01 12:11:48"
68,新規登録,D999997,10,"2011/07/21 09:59:40"
69,リリース許可,D999996,10,"2011/07/21 09:59:40"
70,新規登録,D999997,98,"2011/07/27 02:39:23"
71,○○を変更。▲▲⇒■■,D999998,130,"2011/07/29 16:21:37"
72,新規登録,D999998,78,"2011/08/02 14:18:22"
73,リリース許可,D999996,78,"2011/08/02 14:18:22"
74,新規登録,D999997,104,"2011/08/04 07:09:33"
75,リリース許可,D999996,104,"2011/08/04 07:09:33"
76,新規登録,D999998,109,"2011/08/19 21:40:17"
77,リリース許可,D999996,109,"2011/08/19 21:40:17"
78,新規登録,D999997,30,"2011/08/22 15:29:41"
79,○○を変更。▲▲⇒■■,D999997,102,"2011/09/15 03:50:16"
80,○○を変更。▲▲⇒■■,D999999,117,"2011/09/17 04:29:56"
81,○○を変更。▲▲⇒■■,D999998,150,"2011/09/21 03:17:35"
82,新規登録,D999998,126,"2011/10/04 09:33:14"
83,リリース許可,D999996,126,"2011/10/04 09:33:14"
84,○○を変更。▲▲⇒■■,D999998,12,"2011/10/10 14:23:13"
85,○○を変更。▲▲⇒■■,D999999,72,"2011/11/01 00:40:14"
86,○○を変更。▲▲⇒■■,D999997,126,"2011/11/11 16:08:54"
87,○○を変更。▲▲⇒■■,D999998,102,"2011/11/16 19:49:26"
88,新規登録,D999999,135,"2011/11/28 04:36:30"
89,リリース許可,D999996,135,"2011/11/28 04:36:30"
90,新規登録,D999998,142,"2011/12/11 21:12:39"
91,リリース許可,D999995,142,"2011/12/11 21:12:39"
92,○○を変更。▲▲⇒■■,D999998,6,"2011/12/17 19:32:39"
93,○○を変更。▲▲⇒■■,D999998,72,"2011/12/28 08:18:37"
94,○○を変更。▲▲⇒■■,D999997,4,"2012/01/01 14:43:58"
95,○○を変更。▲▲⇒■■,D999997,130,"2012/01/04 08:04:42"
96,○○を変更。▲▲⇒■■,D999997,38,"2012/01/09 14:42:49"
97,新規登録,D999997,77,"2012/01/18 10:39:30"
98,リリース許可,D999995,77,"2012/01/18 10:39:30"
99,新規登録,D999999,39,"2012/02/08 04:13:40"
100,○○を変更。▲▲⇒■■,D999998,72,"2012/02/28 02:55:32"
101,○○を変更。▲▲⇒■■,D999997,23,"2012/03/14 12:58:09"
102,○○を変更。▲▲⇒■■,D999997,38,"2012/03/15 20:18:26"
103,新規登録,D999997,57,"2012/03/16 14:19:10"
104,○○を変更。▲▲⇒■■,D999999,132,"2012/03/21 18:34:31"
105,○○を変更。▲▲⇒■■,D999997,104,"2012/03/25 01:03:33"
106,○○を変更。▲▲⇒■■,D999998,10,"2012/03/27 00:10:26"
107,新規登録,D999998,131,"2012/03/27 09:10:26"
108,リリース許可,D999995,131,"2012/03/27 09:10:26"
109,○○を変更。▲▲⇒■■,D999997,117,"2012/03/29 23:40:12"
110,○○を変更。▲▲⇒■■,D999997,126,"2012/04/19 22:03:52"
111,○○を変更。▲▲⇒■■,D999997,22,"2012/04/22 07:13:08"
112,新規登録,D999997,151,"2012/04/25 16:59:06"
113,リリース許可,D999996,151,"2012/04/25 16:59:06"
114,○○を変更。▲▲⇒■■,D999997,111,"2012/05/05 22:34:08"
115,○○を変更。▲▲⇒■■,D999999,142,"2012/05/17 23:10:15"
116,○○を変更。▲▲⇒■■,D999998,10,"2012/05/24 02:36:38"
117,○○を変更。▲▲⇒■■,D999997,142,"2012/05/27 08:01:03"
118,○○を変更。▲▲⇒■■,D999997,38,"2012/05/30 07:34:09"
119,○○を変更。▲▲⇒■■,D999998,130,"2012/06/01 14:02:40"
120,新規登録,D999999,147,"2012/06/04 03:37:57"
121,リリース許可,D999994,147,"2012/06/04 03:37:57"
122,○○を変更。▲▲⇒■■,D999999,142,"2012/06/04 16:49:36"
123,○○を変更。▲▲⇒■■,D999997,72,"2012/06/08 09:41:55"
124,○○を変更。▲▲⇒■■,D999997,12,"2012/06/12 02:25:30"
125,新規登録,D999997,140,"2012/06/14 01:51:22"
126,○○を変更。▲▲⇒■■,D999997,72,"2012/06/16 09:01:39"
127,○○を変更。▲▲⇒■■,D999999,77,"2012/06/16 23:26:01"
128,○○を変更。▲▲⇒■■,D999998,112,"2012/06/19 17:53:57"
129,○○を変更。▲▲⇒■■,D999997,10,"2012/06/27 23:53:43"
130,○○を変更。▲▲⇒■■,D999997,22,"2012/07/04 08:42:54"
131,新規登録,D999998,141,"2012/07/16 02:45:15"
132,リリース許可,D999996,141,"2012/07/16 02:45:15"
133,○○を変更。▲▲⇒■■,D999998,38,"2012/07/16 04:47:47"
134,新規登録,D999999,155,"2012/07/19 03:38:59"
135,○○を変更。▲▲⇒■■,D999998,111,"2012/07/22 05:32:04"
136,○○を変更。▲▲⇒■■,D999998,23,"2012/07/28 14:46:17"
137,○○を変更。▲▲⇒■■,D999998,142,"2012/08/01 07:00:03"
138,○○を変更。▲▲⇒■■,D999997,111,"2012/08/16 16:17:55"
139,新規登録,D999998,138,"2012/08/21 02:55:29"
140,リリース許可,D999995,138,"2012/08/21 02:55:29"
141,○○を変更。▲▲⇒■■,D999998,4,"2012/09/05 13:18:32"
142,新規登録,D999998,61,"2012/09/06 00:32:07"
143,リリース許可,D999996,61,"2012/09/06 00:32:07"
144,○○を変更。▲▲⇒■■,D999997,150,"2012/09/18 03:26:38"
145,○○を変更。▲▲⇒■■,D999997,102,"2012/09/28 18:43:06"
146,○○を変更。▲▲⇒■■,D999997,15,"2012/09/29 12:11:04"
147,新規登録,D999998,75,"2012/10/03 06:09:37"
148,リリース許可,D999995,75,"2012/10/03 06:09:37"
149,○○を変更。▲▲⇒■■,D999997,102,"2012/10/10 07:02:50"
150,新規登録,D999999,43,"2012/10/10 23:51:46"
151,リリース許可,D999995,43,"2012/10/10 23:51:46"
152,○○を変更。▲▲⇒■■,D999999,15,"2012/10/12 09:48:21"
153,○○を変更。▲▲⇒■■,D999997,104,"2012/10/25 11:24:52"
154,○○を変更。▲▲⇒■■,D999999,22,"2012/11/13 19:13:38"
155,新規登録,D999999,87,"2012/11/29 12:26:21"
156,リリース許可,D999996,87,"2012/11/29 12:26:21"
157,新規登録,D999997,20,"2012/11/30 00:36:17"
158,リリース許可,D999995,20,"2012/11/30 00:36:17"
159,新規登録,D999998,8,"2012/11/30 20:46:23"
160,リリース許可,D999994,8,"2012/11/30 20:46:23"
161,新規登録,D999998,18,"2012/12/02 17:23:43"
162,リリース許可,D999994,18,"2012/12/02 17:23:43"
163,○○を変更。▲▲⇒■■,D999997,72,"2012/12/08 08:28:05"
164,新規登録,D999999,68,"2012/12/09 04:02:25"
165,リリース許可,D999995,68,"2012/12/09 04:02:25"
166,○○を変更。▲▲⇒■■,D999999,8,"2012/12/09 19:25:10"
167,○○を変更。▲▲⇒■■,D999999,61,"2012/12/11 19:20:09"
168,○○を変更。▲▲⇒■■,D999999,101,"2012/12/14 15:27:32"
169,○○を変更。▲▲⇒■■,D999997,43,"2012/12/17 05:30:15"
170,○○を変更。▲▲⇒■■,D999997,6,"2012/12/18 16:50:42"
171,○○を変更。▲▲⇒■■,D999998,10,"2013/01/01 10:53:25"
172,○○を変更。▲▲⇒■■,D999998,20,"2013/01/04 19:19:53"
173,○○を変更。▲▲⇒■■,D999998,131,"2013/01/22 10:53:25"
174,○○を変更。▲▲⇒■■,D999999,109,"2013/01/23 12:54:00"
175,○○を変更。▲▲⇒■■,D999998,4,"2013/01/24 03:09:50"
176,○○を変更。▲▲⇒■■,D999998,132,"2013/01/24 04:35:26"
177,○○を変更。▲▲⇒■■,D999998,22,"2013/01/24 18:43:05"
178,○○を変更。▲▲⇒■■,D999998,151,"2013/01/31 20:48:47"
179,○○を変更。▲▲⇒■■,D999998,77,"2013/02/10 17:54:18"
180,○○を変更。▲▲⇒■■,D999999,126,"2013/02/23 00:06:47"
181,○○を変更。▲▲⇒■■,D999999,142,"2013/02/24 12:06:42"
182,○○を変更。▲▲⇒■■,D999999,43,"2013/02/26 01:43:52"
183,○○を変更。▲▲⇒■■,D999997,43,"2013/03/10 15:25:32"
184,○○を変更。▲▲⇒■■,D999999,68,"2013/03/10 17:26:24"
185,新規登録,D999999,120,"2013/03/13 09:38:51"
186,リリース許可,D999994,120,"2013/03/13 09:38:51"
187,○○を変更。▲▲⇒■■,D999997,23,"2013/03/14 07:22:52"
188,○○を変更。▲▲⇒■■,D999997,22,"2013/03/18 09:17:14"
189,○○を変更。▲▲⇒■■,D999998,87,"2013/03/19 21:00:40"
190,新規登録,D999997,88,"2013/03/21 04:29:15"
191,リリース許可,D999996,88,"2013/03/21 04:29:15"
192,○○を変更。▲▲⇒■■,D999998,23,"2013/03/23 11:27:36"
193,○○を変更。▲▲⇒■■,D999998,68,"2013/04/03 10:51:15"
194,○○を変更。▲▲⇒■■,D999999,12,"2013/04/03 14:56:14"
195,新規登録,D999998,26,"2013/04/05 05:07:29"
196,リリース許可,D999996,26,"2013/04/05 05:07:29"
197,○○を変更。▲▲⇒■■,D999997,142,"2013/04/06 14:19:27"
198,○○を変更。▲▲⇒■■,D999997,18,"2013/04/06 17:24:53"
199,○○を変更。▲▲⇒■■,D999998,4,"2013/04/10 23:57:58"
200,○○を変更。▲▲⇒■■,D999998,8,"2013/04/15 08:45:39"
201,○○を変更。▲▲⇒■■,D999998,4,"2013/04/18 14:58:07"
202,○○を変更。▲▲⇒■■,D999999,72,"2013/04/23 12:19:15"
203,新規登録,D999999,93,"2013/04/30 19:14:02"
204,リリース許可,D999996,93,"2013/04/30 19:14:02"
205,○○を変更。▲▲⇒■■,D999999,72,"2013/05/12 00:06:25"
206,○○を変更。▲▲⇒■■,D999998,75,"2013/05/21 20:16:21"
207,○○を変更。▲▲⇒■■,D999998,6,"2013/05/23 08:38:42"
208,○○を変更。▲▲⇒■■,D999999,141,"2013/05/25 17:25:38"
209,○○を変更。▲▲⇒■■,D999998,101,"2013/06/05 23:54:12"
210,○○を変更。▲▲⇒■■,D999998,132,"2013/06/07 12:28:29"
211,○○を変更。▲▲⇒■■,D999998,23,"2013/06/07 13:34:38"
212,○○を変更。▲▲⇒■■,D999998,6,"2013/06/29 19:09:50"
213,○○を変更。▲▲⇒■■,D999999,132,"2013/07/02 17:18:11"
214,○○を変更。▲▲⇒■■,D999997,22,"2013/07/07 11:21:00"
215,○○を変更。▲▲⇒■■,D999998,68,"2013/07/09 01:41:53"
216,○○を変更。▲▲⇒■■,D999998,141,"2013/07/14 18:01:13"
217,新規登録,D999999,2,"2013/07/24 10:20:08"
218,○○を変更。▲▲⇒■■,D999997,131,"2013/08/08 09:25:27"
219,○○を変更。▲▲⇒■■,D999997,111,"2013/08/09 10:42:09"
220,○○を変更。▲▲⇒■■,D999998,93,"2013/09/10 01:39:18"
221,○○を変更。▲▲⇒■■,D999997,138,"2013/09/14 03:50:27"
222,○○を変更。▲▲⇒■■,D999998,6,"2013/09/19 06:07:33"
223,○○を変更。▲▲⇒■■,D999998,114,"2013/09/20 06:54:37"
224,新規登録,D999999,14,"2013/09/28 13:17:38"
225,リリース許可,D999995,14,"2013/09/28 13:17:38"
226,○○を変更。▲▲⇒■■,D999999,6,"2013/10/18 14:25:26"
227,○○を変更。▲▲⇒■■,D999998,87,"2013/10/20 00:37:10"
228,○○を変更。▲▲⇒■■,D999998,130,"2013/10/29 10:27:09"
229,○○を変更。▲▲⇒■■,D999997,131,"2013/11/03 05:25:29"
230,○○を変更。▲▲⇒■■,D999998,111,"2013/11/12 16:59:36"
231,新規登録,D999999,99,"2013/11/15 00:47:22"
232,新規登録,D999999,81,"2013/11/21 10:04:13"
233,リリース許可,D999994,81,"2013/11/21 10:04:13"
234,○○を変更。▲▲⇒■■,D999998,112,"2013/11/21 23:22:57"
235,○○を変更。▲▲⇒■■,D999999,102,"2013/11/24 15:57:46"
236,○○を変更。▲▲⇒■■,D999999,40,"2013/12/04 06:12:15"
237,○○を変更。▲▲⇒■■,D999998,142,"2013/12/11 00:28:46"
238,新規登録,D999999,66,"2013/12/13 20:00:56"
239,リリース許可,D999994,66,"2013/12/13 20:00:56"
240,新規登録,D999998,13,"2013/12/14 16:27:11"
241,リリース許可,D999994,13,"2013/12/14 16:27:11"
242,新規登録,D999997,113,"2013/12/15 21:22:02"
243,リリース許可,D999996,113,"2013/12/15 21:22:02"
244,新規登録,D999998,50,"2013/12/18 03:10:40"
245,リリース許可,D999996,50,"2013/12/18 03:10:40"
246,○○を変更。▲▲⇒■■,D999998,68,"2013/12/18 06:43:36"
247,新規登録,D999999,42,"2013/12/19 11:05:58"
248,リリース許可,D999995,42,"2013/12/19 11:05:58"
249,新規登録,D999997,97,"2013/12/25 08:07:31"
250,○○を変更。▲▲⇒■■,D999999,113,"2013/12/28 19:18:31"
251,○○を変更。▲▲⇒■■,D999999,114,"2013/12/28 22:58:40"
252,○○を変更。▲▲⇒■■,D999997,81,"2014/01/01 20:51:08"
253,○○を変更。▲▲⇒■■,D999999,14,"2014/01/02 03:44:49"
254,○○を変更。▲▲⇒■■,D999997,68,"2014/01/09 20:04:25"
255,○○を変更。▲▲⇒■■,D999999,93,"2014/01/29 16:07:12"
256,新規登録,D999999,58,"2014/01/29 22:01:54"
257,リリース許可,D999996,58,"2014/01/29 22:01:54"
258,○○を変更。▲▲⇒■■,D999997,6,"2014/02/01 03:09:35"
259,○○を変更。▲▲⇒■■,D999999,102,"2014/02/06 23:06:42"
260,○○を変更。▲▲⇒■■,D999997,12,"2014/02/07 09:11:07"
261,○○を変更。▲▲⇒■■,D999997,87,"2014/02/12 07:00:02"
262,新規登録,D999998,145,"2014/02/14 01:26:04"
263,リリース許可,D999996,145,"2014/02/14 01:26:04"
264,○○を変更。▲▲⇒■■,D999999,102,"2014/02/15 04:49:09"
265,新規登録,D999999,11,"2014/02/18 04:05:31"
266,リリース許可,D999994,11,"2014/02/18 04:05:31"
267,○○を変更。▲▲⇒■■,D999999,75,"2014/02/22 12:01:57"
268,○○を変更。▲▲⇒■■,D999997,4,"2014/02/24 07:24:53"
269,○○を変更。▲▲⇒■■,D999999,43,"2014/02/26 20:52:02"
270,○○を変更。▲▲⇒■■,D999997,13,"2014/03/07 22:11:53"
271,新規登録,D999997,156,"2014/03/10 20:06:44"
272,リリース許可,D999994,156,"2014/03/10 20:06:44"
273,○○を変更。▲▲⇒■■,D999998,42,"2014/03/16 10:18:23"
274,○○を変更。▲▲⇒■■,D999997,72,"2014/03/16 13:03:07"
275,○○を変更。▲▲⇒■■,D999998,156,"2014/03/17 22:05:49"
276,○○を変更。▲▲⇒■■,D999997,142,"2014/03/18 07:57:05"
277,○○を変更。▲▲⇒■■,D999998,15,"2014/03/19 14:50:34"
278,○○を変更。▲▲⇒■■,D999998,11,"2014/03/31 23:32:31"
279,○○を変更。▲▲⇒■■,D999997,6,"2014/04/01 00:03:09"
280,○○を変更。▲▲⇒■■,D999997,142,"2014/04/04 01:42:38"
281,○○を変更。▲▲⇒■■,D999997,61,"2014/04/05 14:26:06"
282,○○を変更。▲▲⇒■■,D999997,81,"2014/04/07 17:40:02"
283,○○を変更。▲▲⇒■■,D999997,8,"2014/04/09 12:37:20"
284,○○を変更。▲▲⇒■■,D999997,114,"2014/04/10 04:51:34"
285,○○を変更。▲▲⇒■■,D999997,102,"2014/04/11 01:39:31"
286,○○を変更。▲▲⇒■■,D999998,50,"2014/04/14 14:55:09"
287,撤去完了確認,D999994,72,"2014/04/14 21:39:35"
288,○○を変更。▲▲⇒■■,D999999,113,"2014/04/25 10:11:08"
289,○○を変更。▲▲⇒■■,D999997,156,"2014/05/01 07:19:28"
290,○○を変更。▲▲⇒■■,D999998,61,"2014/05/03 23:39:16"
291,○○を変更。▲▲⇒■■,D999997,15,"2014/05/05 16:59:51"
292,○○を変更。▲▲⇒■■,D999998,10,"2014/05/08 17:35:09"
293,新規登録,D999998,91,"2014/05/11 23:04:15"
294,リリース許可,D999996,91,"2014/05/11 23:04:15"
295,新規登録,D999997,3,"2014/05/18 20:44:02"
296,○○を変更。▲▲⇒■■,D999999,6,"2014/05/19 07:54:24"
297,新規登録,D999998,94,"2014/06/03 18:20:11"
298,リリース許可,D999994,94,"2014/06/03 18:20:11"
299,○○を変更。▲▲⇒■■,D999997,18,"2014/06/05 09:27:27"
300,○○を変更。▲▲⇒■■,D999997,18,"2014/06/07 10:23:47"
301,○○を変更。▲▲⇒■■,D999997,22,"2014/06/09 11:14:18"
302,新規登録,D999998,83,"2014/06/10 23:41:14"
303,リリース許可,D999996,83,"2014/06/10 23:41:14"
304,○○を変更。▲▲⇒■■,D999997,12,"2014/06/13 18:52:52"
305,○○を変更。▲▲⇒■■,D999997,11,"2014/06/18 02:48:26"
306,○○を変更。▲▲⇒■■,D999999,13,"2014/06/27 21:31:08"
307,○○を変更。▲▲⇒■■,D999999,156,"2014/06/29 13:10:42"
308,撤去完了確認,D999994,14,"2014/07/05 15:21:59"
309,○○を変更。▲▲⇒■■,D999997,72,"2014/07/08 18:22:36"
310,○○を変更。▲▲⇒■■,D999997,75,"2014/07/08 20:21:11"
311,○○を変更。▲▲⇒■■,D999997,68,"2014/07/13 18:47:55"
312,新規登録,D999997,100,"2014/07/13 20:38:04"
313,リリース許可,D999994,100,"2014/07/13 20:38:04"
314,○○を変更。▲▲⇒■■,D999999,102,"2014/07/14 22:49:18"
315,○○を変更。▲▲⇒■■,D999999,113,"2014/07/18 07:34:51"
316,○○を変更。▲▲⇒■■,D999998,20,"2014/07/20 06:41:43"
317,○○を変更。▲▲⇒■■,D999997,15,"2014/07/26 03:09:47"
318,○○を変更。▲▲⇒■■,D999998,81,"2014/07/29 17:29:05"
319,○○を変更。▲▲⇒■■,D999999,12,"2014/08/02 09:40:59"
320,○○を変更。▲▲⇒■■,D999999,142,"2014/08/02 11:30:31"
321,○○を変更。▲▲⇒■■,D999999,61,"2014/08/03 08:31:38"
322,○○を変更。▲▲⇒■■,D999999,15,"2014/08/09 09:12:29"
323,○○を変更。▲▲⇒■■,D999997,91,"2014/08/09 15:52:54"
324,新規登録,D999998,128,"2014/08/14 23:37:47"
325,リリース許可,D999996,128,"2014/08/14 23:37:47"
326,○○を変更。▲▲⇒■■,D999997,23,"2014/08/18 13:01:13"
327,○○を変更。▲▲⇒■■,D999998,15,"2014/08/22 11:20:59"
328,○○を変更。▲▲⇒■■,D999998,14,"2014/08/24 05:41:03"
329,新規登録,D999997,53,"2014/08/26 20:33:02"
330,リリース許可,D999994,53,"2014/08/26 20:33:02"
331,○○を変更。▲▲⇒■■,D999997,128,"2014/09/02 06:25:26"
332,○○を変更。▲▲⇒■■,D999998,4,"2014/09/04 18:31:48"
333,新規登録,D999997,54,"2014/09/07 09:45:10"
334,リリース許可,D999994,54,"2014/09/07 09:45:10"
335,○○を変更。▲▲⇒■■,D999999,141,"2014/09/11 13:14:51"
336,○○を変更。▲▲⇒■■,D999997,83,"2014/09/11 19:51:17"
337,○○を変更。▲▲⇒■■,D999998,75,"2014/09/13 01:36:20"
338,○○を変更。▲▲⇒■■,D999998,151,"2014/09/15 17:22:20"
339,○○を変更。▲▲⇒■■,D999997,20,"2014/09/15 17:41:37"
340,○○を変更。▲▲⇒■■,D999998,75,"2014/09/18 06:39:44"
341,○○を変更。▲▲⇒■■,D999997,142,"2014/09/21 04:34:11"
342,○○を変更。▲▲⇒■■,D999997,91,"2014/10/03 05:07:31"
343,新規登録,D999999,95,"2014/10/04 23:51:31"
344,○○を変更。▲▲⇒■■,D999997,91,"2014/10/05 03:03:30"
345,○○を変更。▲▲⇒■■,D999999,151,"2014/10/05 04:20:37"
346,○○を変更。▲▲⇒■■,D999998,12,"2014/10/07 13:37:58"
347,○○を変更。▲▲⇒■■,D999998,94,"2014/10/08 19:17:32"
348,○○を変更。▲▲⇒■■,D999997,13,"2014/10/08 20:24:59"
349,○○を変更。▲▲⇒■■,D999998,13,"2014/10/12 19:45:26"
350,○○を変更。▲▲⇒■■,D999998,13,"2014/10/15 01:57:11"
351,○○を変更。▲▲⇒■■,D999997,128,"2014/10/15 12:39:37"
352,○○を変更。▲▲⇒■■,D999999,50,"2014/10/19 18:20:18"
353,○○を変更。▲▲⇒■■,D999997,11,"2014/10/21 07:49:20"
354,○○を変更。▲▲⇒■■,D999997,156,"2014/10/24 23:18:41"
355,新規登録,D999997,16,"2014/10/26 03:14:23"
356,リリース許可,D999994,16,"2014/10/26 03:14:23"
357,新規登録,D999999,31,"2014/10/29 04:29:09"
358,リリース許可,D999995,31,"2014/10/29 04:29:09"
359,○○を変更。▲▲⇒■■,D999999,22,"2014/10/29 22:07:09"
360,新規登録,D999998,119,"2014/10/30 09:40:03"
361,リリース許可,D999994,119,"2014/10/30 09:40:03"
362,○○を変更。▲▲⇒■■,D999997,54,"2014/11/05 23:09:07"
363,○○を変更。▲▲⇒■■,D999999,50,"2014/11/06 13:19:53"
364,○○を変更。▲▲⇒■■,D999997,88,"2014/11/08 05:46:20"
365,新規登録,D999997,65,"2014/11/08 12:46:37"
366,リリース許可,D999995,65,"2014/11/08 12:46:37"
367,○○を変更。▲▲⇒■■,D999999,53,"2014/11/08 21:08:50"
368,○○を変更。▲▲⇒■■,D999998,102,"2014/11/10 07:05:13"
369,○○を変更。▲▲⇒■■,D999998,11,"2014/11/12 21:25:45"
370,○○を変更。▲▲⇒■■,D999999,58,"2014/11/21 05:20:53"
371,○○を変更。▲▲⇒■■,D999997,68,"2014/11/25 11:44:10"
372,○○を変更。▲▲⇒■■,D999997,88,"2014/11/27 03:23:05"
373,○○を変更。▲▲⇒■■,D999999,43,"2014/11/27 11:54:29"
374,○○を変更。▲▲⇒■■,D999997,93,"2014/11/27 15:49:41"
375,○○を変更。▲▲⇒■■,D999998,50,"2014/11/28 07:39:11"
376,○○を変更。▲▲⇒■■,D999997,15,"2014/12/02 06:47:28"
377,○○を変更。▲▲⇒■■,D999998,11,"2014/12/04 22:04:46"
378,○○を変更。▲▲⇒■■,D999999,114,"2014/12/05 19:16:21"
379,○○を変更。▲▲⇒■■,D999997,4,"2014/12/12 10:48:59"
380,○○を変更。▲▲⇒■■,D999998,81,"2014/12/16 08:22:25"
381,新規登録,D999997,82,"2014/12/19 20:29:28"
382,リリース許可,D999994,82,"2014/12/19 20:29:28"
383,○○を変更。▲▲⇒■■,D999998,43,"2014/12/21 08:18:13"
384,○○を変更。▲▲⇒■■,D999998,128,"2014/12/23 19:59:25"
385,○○を変更。▲▲⇒■■,D999997,16,"2014/12/29 05:15:09"
386,○○を変更。▲▲⇒■■,D999997,13,"2014/12/31 20:37:20"
387,○○を変更。▲▲⇒■■,D999997,156,"2015/01/01 13:19:12"
388,○○を変更。▲▲⇒■■,D999997,38,"2015/01/02 04:15:21"
389,○○を変更。▲▲⇒■■,D999998,22,"2015/01/02 08:39:24"
390,○○を変更。▲▲⇒■■,D999999,83,"2015/01/02 11:54:36"
391,○○を変更。▲▲⇒■■,D999997,16,"2015/01/02 17:02:28"
392,○○を変更。▲▲⇒■■,D999997,43,"2015/01/02 17:35:00"
393,○○を変更。▲▲⇒■■,D999999,156,"2015/01/03 18:09:47"
394,○○を変更。▲▲⇒■■,D999997,156,"2015/01/03 21:58:25"
395,○○を変更。▲▲⇒■■,D999997,8,"2015/01/04 17:05:42"
396,○○を変更。▲▲⇒■■,D999997,8,"2015/01/08 07:00:11"
397,○○を変更。▲▲⇒■■,D999997,12,"2015/01/10 22:42:32"
398,○○を変更。▲▲⇒■■,D999998,4,"2015/01/12 20:02:23"
399,新規登録,D999999,118,"2015/01/14 05:47:43"
400,リリース許可,D999995,118,"2015/01/14 05:47:43"
401,○○を変更。▲▲⇒■■,D999998,151,"2015/01/14 10:52:19"
402,○○を変更。▲▲⇒■■,D999998,61,"2015/01/15 19:04:53"
403,○○を変更。▲▲⇒■■,D999999,6,"2015/01/15 21:48:00"
404,○○を変更。▲▲⇒■■,D999999,66,"2015/01/15 22:39:19"
405,○○を変更。▲▲⇒■■,D999997,109,"2015/01/18 18:25:29"
406,○○を変更。▲▲⇒■■,D999997,101,"2015/01/20 05:26:39"
407,○○を変更。▲▲⇒■■,D999999,94,"2015/01/21 09:58:28"
408,○○を変更。▲▲⇒■■,D999998,43,"2015/01/24 21:01:09"
409,○○を変更。▲▲⇒■■,D999997,43,"2015/02/01 09:57:23"
410,新規登録,D999998,67,"2015/02/04 08:19:17"
411,リリース許可,D999995,67,"2015/02/04 08:19:17"
412,○○を変更。▲▲⇒■■,D999997,68,"2015/02/05 15:04:28"
413,○○を変更。▲▲⇒■■,D999998,22,"2015/02/06 03:08:19"
414,○○を変更。▲▲⇒■■,D999997,81,"2015/02/12 02:40:31"
415,○○を変更。▲▲⇒■■,D999999,50,"2015/02/14 20:22:59"
416,○○を変更。▲▲⇒■■,D999999,75,"2015/02/17 13:12:40"
417,○○を変更。▲▲⇒■■,D999998,11,"2015/02/18 02:12:27"
418,○○を変更。▲▲⇒■■,D999998,58,"2015/02/18 23:26:09"
419,○○を変更。▲▲⇒■■,D999999,61,"2015/02/20 21:30:04"
420,○○を変更。▲▲⇒■■,D999999,22,"2015/02/21 19:23:52"
421,○○を変更。▲▲⇒■■,D999999,38,"2015/02/23 23:56:10"
422,○○を変更。▲▲⇒■■,D999997,54,"2015/03/07 04:07:11"
423,○○を変更。▲▲⇒■■,D999997,104,"2015/03/11 00:50:12"
424,○○を変更。▲▲⇒■■,D999998,58,"2015/03/13 00:34:43"
425,○○を変更。▲▲⇒■■,D999998,11,"2015/03/15 10:05:42"
426,撤去完了確認,D999994,118,"2015/03/15 20:22:44"
427,新規登録,D999999,74,"2015/03/16 14:40:03"
428,○○を変更。▲▲⇒■■,D999999,88,"2015/03/19 16:19:16"
429,○○を変更。▲▲⇒■■,D999999,6,"2015/03/21 16:21:00"
430,○○を変更。▲▲⇒■■,D999997,138,"2015/03/22 18:30:47"
431,○○を変更。▲▲⇒■■,D999997,12,"2015/03/25 18:11:29"
432,○○を変更。▲▲⇒■■,D999997,66,"2015/03/31 00:17:05"
433,○○を変更。▲▲⇒■■,D999997,112,"2015/04/02 20:59:07"
434,○○を変更。▲▲⇒■■,D999997,132,"2015/04/12 08:11:42"
435,○○を変更。▲▲⇒■■,D999998,11,"2015/04/15 10:42:32"
436,○○を変更。▲▲⇒■■,D999998,72,"2015/04/25 22:46:47"
437,○○を変更。▲▲⇒■■,D999997,142,"2015/04/29 02:01:46"
438,○○を変更。▲▲⇒■■,D999997,53,"2015/05/05 15:36:00"
439,○○を変更。▲▲⇒■■,D999997,113,"2015/05/14 06:28:37"
440,○○を変更。▲▲⇒■■,D999998,118,"2015/05/14 21:51:26"
441,新規登録,D999999,7,"2015/05/17 13:22:52"
442,リリース許可,D999995,7,"2015/05/17 13:22:52"
443,○○を変更。▲▲⇒■■,D999997,138,"2015/05/18 03:40:23"
444,○○を変更。▲▲⇒■■,D999999,67,"2015/05/18 15:31:40"
445,○○を変更。▲▲⇒■■,D999998,50,"2015/05/19 05:43:24"
446,○○を変更。▲▲⇒■■,D999998,72,"2015/05/24 14:34:37"
447,○○を変更。▲▲⇒■■,D999998,114,"2015/05/25 06:11:05"
448,○○を変更。▲▲⇒■■,D999997,119,"2015/05/28 15:35:20"
449,○○を変更。▲▲⇒■■,D999997,13,"2015/06/02 23:01:58"
450,○○を変更。▲▲⇒■■,D999998,91,"2015/06/05 07:59:53"
451,○○を変更。▲▲⇒■■,D999999,18,"2015/06/06 00:08:57"
452,○○を変更。▲▲⇒■■,D999999,82,"2015/06/08 15:31:33"
453,○○を変更。▲▲⇒■■,D999998,81,"2015/06/13 04:01:56"
454,○○を変更。▲▲⇒■■,D999998,40,"2015/06/14 20:33:19"
455,○○を変更。▲▲⇒■■,D999997,14,"2015/06/23 07:38:02"
456,○○を変更。▲▲⇒■■,D999998,101,"2015/07/02 08:53:48"
457,○○を変更。▲▲⇒■■,D999998,58,"2015/07/05 13:29:42"
458,○○を変更。▲▲⇒■■,D999998,11,"2015/07/06 12:21:01"
459,○○を変更。▲▲⇒■■,D999997,119,"2015/07/16 22:17:33"
460,○○を変更。▲▲⇒■■,D999998,11,"2015/07/20 21:14:51"
461,新規登録,D999997,115,"2015/07/20 21:50:23"
462,リリース許可,D999996,115,"2015/07/20 21:50:23"
463,○○を変更。▲▲⇒■■,D999997,82,"2015/07/21 08:23:52"
464,○○を変更。▲▲⇒■■,D999999,42,"2015/07/28 22:54:06"
465,○○を変更。▲▲⇒■■,D999999,16,"2015/07/29 14:18:54"
466,○○を変更。▲▲⇒■■,D999998,91,"2015/07/30 08:54:33"
467,○○を変更。▲▲⇒■■,D999999,87,"2015/07/30 16:19:08"
468,○○を変更。▲▲⇒■■,D999998,150,"2015/07/31 11:24:12"
469,○○を変更。▲▲⇒■■,D999998,156,"2015/08/05 00:40:02"
470,○○を変更。▲▲⇒■■,D999998,13,"2015/08/05 18:10:43"
471,○○を変更。▲▲⇒■■,D999998,132,"2015/08/07 08:57:37"
472,○○を変更。▲▲⇒■■,D999999,82,"2015/08/09 00:20:48"
473,○○を変更。▲▲⇒■■,D999998,128,"2015/08/12 21:29:26"
474,○○を変更。▲▲⇒■■,D999999,119,"2015/08/16 02:30:32"
475,新規登録,D999999,146,"2015/08/17 08:31:14"
476,リリース許可,D999995,146,"2015/08/17 08:31:14"
477,○○を変更。▲▲⇒■■,D999999,50,"2015/08/18 07:59:33"
478,○○を変更。▲▲⇒■■,D999999,88,"2015/08/20 14:35:38"
479,新規登録,D999999,69,"2015/08/21 01:08:19"
480,リリース許可,D999995,69,"2015/08/21 01:08:19"
481,○○を変更。▲▲⇒■■,D999997,11,"2015/08/25 14:52:05"
482,○○を変更。▲▲⇒■■,D999998,4,"2015/08/28 01:06:10"
483,○○を変更。▲▲⇒■■,D999999,8,"2015/09/02 00:36:35"
484,○○を変更。▲▲⇒■■,D999997,65,"2015/09/04 02:44:34"
485,新規登録,D999997,45,"2015/09/04 03:58:20"
486,リリース許可,D999995,45,"2015/09/04 03:58:20"
487,○○を変更。▲▲⇒■■,D999999,65,"2015/09/06 02:33:50"
488,○○を変更。▲▲⇒■■,D999999,119,"2015/09/10 21:41:57"
489,○○を変更。▲▲⇒■■,D999999,104,"2015/09/11 02:25:59"
490,○○を変更。▲▲⇒■■,D999997,7,"2015/09/14 23:43:44"
491,○○を変更。▲▲⇒■■,D999998,146,"2015/09/21 14:40:45"
492,新規登録,D999997,80,"2015/09/24 15:44:54"
493,リリース許可,D999995,80,"2015/09/24 15:44:54"
494,○○を変更。▲▲⇒■■,D999998,7,"2015/09/26 02:17:42"
495,○○を変更。▲▲⇒■■,D999999,75,"2015/09/27 11:25:12"
496,○○を変更。▲▲⇒■■,D999999,131,"2015/10/01 21:50:04"
497,新規登録,D999997,110,"2015/10/03 00:11:26"
498,リリース許可,D999995,110,"2015/10/03 00:11:26"
499,○○を変更。▲▲⇒■■,D999997,111,"2015/10/11 04:18:09"
500,○○を変更。▲▲⇒■■,D999999,7,"2015/10/15 13:48:07"
501,○○を変更。▲▲⇒■■,D999997,50,"2015/10/15 18:02:49"
502,○○を変更。▲▲⇒■■,D999999,38,"2015/10/15 21:04:57"
503,○○を変更。▲▲⇒■■,D999998,72,"2015/10/17 14:21:08"
504,○○を変更。▲▲⇒■■,D999998,85,"2015/10/17 23:05:43"
505,新規登録,D999999,36,"2015/10/19 10:31:57"
506,○○を変更。▲▲⇒■■,D999998,82,"2015/10/19 23:56:19"
507,○○を変更。▲▲⇒■■,D999997,50,"2015/10/26 11:37:03"
508,新規登録,D999999,116,"2015/11/01 22:03:15"
509,リリース許可,D999996,116,"2015/11/01 22:03:15"
510,○○を変更。▲▲⇒■■,D999998,142,"2015/11/03 03:25:59"
511,○○を変更。▲▲⇒■■,D999998,65,"2015/11/04 05:06:49"
512,○○を変更。▲▲⇒■■,D999999,94,"2015/11/06 10:29:21"
513,○○を変更。▲▲⇒■■,D999997,58,"2015/11/06 18:06:01"
514,○○を変更。▲▲⇒■■,D999999,54,"2015/11/08 09:57:16"
515,○○を変更。▲▲⇒■■,D999997,131,"2015/11/09 20:45:44"
516,新規登録,D999999,86,"2015/11/12 07:39:41"
517,リリース許可,D999995,86,"2015/11/12 07:39:41"
518,○○を変更。▲▲⇒■■,D999997,42,"2015/11/12 22:47:31"
519,○○を変更。▲▲⇒■■,D999999,7,"2015/11/14 08:56:53"
520,○○を変更。▲▲⇒■■,D999997,58,"2015/11/15 00:06:23"
521,新規登録,D999998,106,"2015/11/18 16:21:26"
522,リリース許可,D999994,106,"2015/11/18 16:21:26"
523,○○を変更。▲▲⇒■■,D999997,75,"2015/11/18 18:46:31"
524,新規登録,D999998,148,"2015/11/19 23:18:07"
525,リリース許可,D999995,148,"2015/11/19 23:18:07"
526,○○を変更。▲▲⇒■■,D999997,38,"2015/11/20 03:49:44"
527,○○を変更。▲▲⇒■■,D999997,110,"2015/11/21 19:52:48"
528,○○を変更。▲▲⇒■■,D999998,16,"2015/11/21 22:56:27"
529,○○を変更。▲▲⇒■■,D999998,54,"2015/11/25 17:27:27"
530,○○を変更。▲▲⇒■■,D999997,68,"2015/11/26 05:42:35"
531,○○を変更。▲▲⇒■■,D999997,45,"2015/11/26 13:06:18"
532,○○を変更。▲▲⇒■■,D999999,146,"2015/12/04 19:37:14"
533,○○を変更。▲▲⇒■■,D999998,12,"2015/12/05 18:57:22"
534,新規登録,D999997,105,"2015/12/08 18:04:09"
535,○○を変更。▲▲⇒■■,D999997,148,"2015/12/11 23:36:10"
536,○○を変更。▲▲⇒■■,D999997,80,"2015/12/12 08:59:38"
537,○○を変更。▲▲⇒■■,D999997,61,"2015/12/12 18:09:49"
538,○○を変更。▲▲⇒■■,D999997,93,"2015/12/13 11:00:35"
539,○○を変更。▲▲⇒■■,D999998,13,"2015/12/16 11:01:50"
540,○○を変更。▲▲⇒■■,D999997,22,"2015/12/19 09:09:15"
541,○○を変更。▲▲⇒■■,D999997,75,"2015/12/22 18:12:56"
542,○○を変更。▲▲⇒■■,D999999,91,"2015/12/22 21:04:34"
543,○○を変更。▲▲⇒■■,D999997,101,"2015/12/23 15:01:57"
544,○○を変更。▲▲⇒■■,D999999,42,"2015/12/27 03:43:42"
545,○○を変更。▲▲⇒■■,D999997,18,"2015/12/29 11:27:50"
546,新規登録,D999999,90,"2015/12/31 09:28:56"
547,リリース許可,D999996,90,"2015/12/31 09:28:56"
548,○○を変更。▲▲⇒■■,D999998,148,"2016/01/02 19:38:18"
549,○○を変更。▲▲⇒■■,D999999,82,"2016/01/03 17:16:37"
550,○○を変更。▲▲⇒■■,D999997,20,"2016/01/05 19:19:38"
551,○○を変更。▲▲⇒■■,D999998,150,"2016/01/06 06:58:15"
552,○○を変更。▲▲⇒■■,D999997,110,"2016/01/06 15:39:20"
553,新規登録,D999997,51,"2016/01/09 05:38:26"
554,リリース許可,D999996,51,"2016/01/09 05:38:26"
555,○○を変更。▲▲⇒■■,D999997,106,"2016/01/12 00:48:54"
556,○○を変更。▲▲⇒■■,D999997,82,"2016/01/13 02:27:08"
557,○○を変更。▲▲⇒■■,D999999,82,"2016/01/13 21:58:46"
558,○○を変更。▲▲⇒■■,D999998,65,"2016/01/14 06:06:06"
559,○○を変更。▲▲⇒■■,D999998,128,"2016/01/15 15:37:32"
560,○○を変更。▲▲⇒■■,D999997,132,"2016/01/15 17:06:25"
561,○○を変更。▲▲⇒■■,D999998,66,"2016/01/15 23:51:55"
562,○○を変更。▲▲⇒■■,D999998,50,"2016/01/18 02:08:42"
563,○○を変更。▲▲⇒■■,D999997,102,"2016/01/23 20:32:54"
564,○○を変更。▲▲⇒■■,D999999,6,"2016/01/28 13:47:10"
565,○○を変更。▲▲⇒■■,D999999,142,"2016/01/30 18:09:20"
566,○○を変更。▲▲⇒■■,D999999,16,"2016/02/06 05:34:35"
567,○○を変更。▲▲⇒■■,D999997,102,"2016/02/07 10:46:53"
568,○○を変更。▲▲⇒■■,D999998,4,"2016/02/07 19:49:32"
569,○○を変更。▲▲⇒■■,D999997,146,"2016/02/08 14:29:42"
570,○○を変更。▲▲⇒■■,D999998,66,"2016/02/11 19:41:03"
571,○○を変更。▲▲⇒■■,D999997,146,"2016/02/13 12:31:24"
572,○○を変更。▲▲⇒■■,D999998,146,"2016/02/13 16:33:36"
573,○○を変更。▲▲⇒■■,D999997,111,"2016/02/14 22:16:17"
574,新規登録,D999998,133,"2016/02/15 10:13:31"
575,○○を変更。▲▲⇒■■,D999997,69,"2016/02/15 11:06:32"
576,○○を変更。▲▲⇒■■,D999998,110,"2016/02/16 20:13:31"
577,○○を変更。▲▲⇒■■,D999998,40,"2016/02/16 21:24:49"
578,○○を変更。▲▲⇒■■,D999997,50,"2016/02/18 03:55:54"
579,○○を変更。▲▲⇒■■,D999998,106,"2016/02/19 04:27:51"
580,○○を変更。▲▲⇒■■,D999998,110,"2016/02/22 01:04:07"
581,○○を変更。▲▲⇒■■,D999999,23,"2016/02/24 01:49:45"
582,○○を変更。▲▲⇒■■,D999997,80,"2016/02/26 14:29:35"
583,○○を変更。▲▲⇒■■,D999997,75,"2016/02/27 22:04:43"
584,○○を変更。▲▲⇒■■,D999998,12,"2016/02/29 07:37:00"
585,新規登録,D999997,49,"2016/03/04 19:02:41"
586,リリース許可,D999995,49,"2016/03/04 19:02:41"
587,○○を変更。▲▲⇒■■,D999999,142,"2016/03/05 13:15:46"
588,○○を変更。▲▲⇒■■,D999997,11,"2016/03/05 19:18:28"
589,○○を変更。▲▲⇒■■,D999998,138,"2016/03/05 22:01:38"
590,○○を変更。▲▲⇒■■,D999997,16,"2016/03/07 00:00:56"
591,○○を変更。▲▲⇒■■,D999998,69,"2016/03/07 03:34:22"
592,○○を変更。▲▲⇒■■,D999997,11,"2016/03/09 06:52:17"
593,○○を変更。▲▲⇒■■,D999997,106,"2016/03/10 23:52:51"
594,○○を変更。▲▲⇒■■,D999999,61,"2016/03/12 23:42:52"
595,○○を変更。▲▲⇒■■,D999998,20,"2016/03/14 12:27:53"
596,○○を変更。▲▲⇒■■,D999998,75,"2016/03/15 08:08:03"
597,○○を変更。▲▲⇒■■,D999997,12,"2016/03/16 18:24:19"
598,○○を変更。▲▲⇒■■,D999998,54,"2016/03/18 00:20:43"
599,○○を変更。▲▲⇒■■,D999999,94,"2016/03/19 13:51:09"
600,○○を変更。▲▲⇒■■,D999999,146,"2016/03/22 00:04:54"
601,○○を変更。▲▲⇒■■,D999998,23,"2016/03/26 22:02:23"
602,○○を変更。▲▲⇒■■,D999998,102,"2016/03/27 14:17:45"
603,○○を変更。▲▲⇒■■,D999999,106,"2016/03/29 09:23:55"
604,○○を変更。▲▲⇒■■,D999997,110,"2016/04/06 05:09:05"
605,○○を変更。▲▲⇒■■,D999998,16,"2016/04/07 03:56:11"
606,○○を変更。▲▲⇒■■,D999999,116,"2016/04/15 03:32:49"
607,新規登録,D999998,127,"2016/04/15 17:14:20"
608,リリース許可,D999994,127,"2016/04/15 17:14:20"
609,○○を変更。▲▲⇒■■,D999997,110,"2016/04/15 17:15:11"
610,○○を変更。▲▲⇒■■,D999999,119,"2016/04/16 21:04:08"
611,○○を変更。▲▲⇒■■,D999997,132,"2016/04/19 00:42:41"
612,○○を変更。▲▲⇒■■,D999999,130,"2016/04/19 04:56:35"
613,○○を変更。▲▲⇒■■,D999997,12,"2016/04/27 17:43:23"
614,○○を変更。▲▲⇒■■,D999999,13,"2016/04/27 17:52:30"
615,○○を変更。▲▲⇒■■,D999997,128,"2016/04/29 22:04:47"
616,撤去完了確認,D999995,100,"2016/04/30 23:15:14"
617,○○を変更。▲▲⇒■■,D999997,6,"2016/05/01 03:35:03"
618,○○を変更。▲▲⇒■■,D999997,7,"2016/05/01 21:58:54"
619,○○を変更。▲▲⇒■■,D999998,54,"2016/05/03 06:50:04"
620,○○を変更。▲▲⇒■■,D999997,148,"2016/05/04 02:44:30"
621,○○を変更。▲▲⇒■■,D999997,106,"2016/05/04 04:15:17"
622,○○を変更。▲▲⇒■■,D999999,54,"2016/05/05 12:17:57"
623,○○を変更。▲▲⇒■■,D999997,23,"2016/05/05 14:49:26"
624,○○を変更。▲▲⇒■■,D999999,101,"2016/05/05 22:24:24"
625,○○を変更。▲▲⇒■■,D999997,6,"2016/05/07 13:10:50"
626,○○を変更。▲▲⇒■■,D999997,50,"2016/05/08 08:38:03"
627,○○を変更。▲▲⇒■■,D999999,8,"2016/05/09 02:43:00"
628,○○を変更。▲▲⇒■■,D999998,8,"2016/05/09 20:53:48"
629,新規登録,D999997,9,"2016/05/10 18:08:02"
630,リリース許可,D999995,9,"2016/05/10 18:08:02"
631,○○を変更。▲▲⇒■■,D999999,75,"2016/05/11 03:14:11"
632,○○を変更。▲▲⇒■■,D999998,113,"2016/05/11 20:26:11"
633,○○を変更。▲▲⇒■■,D999998,82,"2016/05/13 15:46:10"
634,○○を変更。▲▲⇒■■,D999997,14,"2016/05/16 11:43:10"
635,○○を変更。▲▲⇒■■,D999999,14,"2016/05/17 06:19:16"
636,○○を変更。▲▲⇒■■,D999997,11,"2016/05/18 08:45:58"
637,○○を変更。▲▲⇒■■,D999998,110,"2016/05/18 15:20:14"
638,○○を変更。▲▲⇒■■,D999999,12,"2016/05/20 23:31:18"
639,○○を変更。▲▲⇒■■,D999997,151,"2016/05/23 16:39:33"
640,○○を変更。▲▲⇒■■,D999998,68,"2016/05/26 08:38:33"
641,○○を変更。▲▲⇒■■,D999998,102,"2016/05/29 05:32:24"
642,○○を変更。▲▲⇒■■,D999999,127,"2016/05/31 08:04:37"
643,○○を変更。▲▲⇒■■,D999997,83,"2016/05/31 12:08:29"
644,○○を変更。▲▲⇒■■,D999999,54,"2016/06/01 02:21:07"
645,○○を変更。▲▲⇒■■,D999998,58,"2016/06/06 15:32:01"
646,新規登録,D999998,84,"2016/06/09 13:21:22"
647,新規登録,D999997,152,"2016/06/13 03:39:19"
648,リリース許可,D999996,152,"2016/06/13 03:39:19"
649,○○を変更。▲▲⇒■■,D999999,113,"2016/06/15 11:41:04"
650,新規登録,D999999,107,"2016/06/18 19:04:30"
651,リリース許可,D999996,107,"2016/06/18 19:04:30"
652,○○を変更。▲▲⇒■■,D999997,94,"2016/06/20 18:14:57"
653,○○を変更。▲▲⇒■■,D999997,16,"2016/06/21 03:00:54"
654,新規登録,D999999,129,"2016/06/27 07:57:13"
655,リリース許可,D999994,129,"2016/06/27 07:57:13"
656,新規登録,D999998,158,"2016/06/27 16:00:02"
657,リリース許可,D999996,158,"2016/06/27 16:00:02"
658,○○を変更。▲▲⇒■■,D999999,127,"2016/06/28 12:59:39"
659,○○を変更。▲▲⇒■■,D999998,110,"2016/06/29 01:40:32"
660,○○を変更。▲▲⇒■■,D999997,107,"2016/06/30 11:19:51"
661,○○を変更。▲▲⇒■■,D999997,110,"2016/07/05 14:28:21"
662,○○を変更。▲▲⇒■■,D999998,127,"2016/07/07 01:50:28"
663,新規登録,D999999,139,"2016/07/09 09:52:40"
664,リリース許可,D999994,139,"2016/07/09 09:52:40"
665,○○を変更。▲▲⇒■■,D999997,22,"2016/07/09 12:40:35"
666,○○を変更。▲▲⇒■■,D999998,61,"2016/07/11 00:46:21"
667,○○を変更。▲▲⇒■■,D999998,40,"2016/07/11 22:02:00"
668,○○を変更。▲▲⇒■■,D999998,80,"2016/07/12 06:16:15"
669,○○を変更。▲▲⇒■■,D999998,94,"2016/07/12 20:01:32"
670,○○を変更。▲▲⇒■■,D999999,9,"2016/07/13 23:12:17"
671,○○を変更。▲▲⇒■■,D999997,9,"2016/07/14 11:02:42"
672,○○を変更。▲▲⇒■■,D999997,75,"2016/07/14 12:03:09"
673,○○を変更。▲▲⇒■■,D999999,112,"2016/07/14 16:09:16"
674,○○を変更。▲▲⇒■■,D999997,51,"2016/07/16 00:48:09"
675,○○を変更。▲▲⇒■■,D999999,114,"2016/07/18 01:24:54"
676,○○を変更。▲▲⇒■■,D999998,50,"2016/07/18 18:19:04"
677,○○を変更。▲▲⇒■■,D999998,141,"2016/07/19 18:47:50"
678,○○を変更。▲▲⇒■■,D999999,94,"2016/07/20 15:09:43"
679,○○を変更。▲▲⇒■■,D999997,152,"2016/07/23 18:11:57"
680,新規登録,D999998,37,"2016/07/26 13:10:20"
681,リリース許可,D999994,37,"2016/07/26 13:10:20"
682,○○を変更。▲▲⇒■■,D999998,81,"2016/07/29 14:44:40"
683,○○を変更。▲▲⇒■■,D999998,152,"2016/07/31 12:21:11"
684,○○を変更。▲▲⇒■■,D999997,50,"2016/08/09 07:30:28"
685,○○を変更。▲▲⇒■■,D999997,102,"2016/08/09 09:06:33"
686,○○を変更。▲▲⇒■■,D999997,67,"2016/08/09 20:53:26"
687,○○を変更。▲▲⇒■■,D999999,110,"2016/08/11 03:45:23"
688,○○を変更。▲▲⇒■■,D999999,54,"2016/08/11 06:50:58"
689,○○を変更。▲▲⇒■■,D999998,14,"2016/08/12 12:51:33"
690,○○を変更。▲▲⇒■■,D999998,158,"2016/08/13 08:34:26"
691,○○を変更。▲▲⇒■■,D999997,81,"2016/08/17 18:58:35"
692,○○を変更。▲▲⇒■■,D999998,11,"2016/08/18 15:21:55"
693,○○を変更。▲▲⇒■■,D999999,130,"2016/08/19 19:39:21"
694,○○を変更。▲▲⇒■■,D999997,6,"2016/08/24 07:07:51"
695,○○を変更。▲▲⇒■■,D999997,131,"2016/08/24 12:13:33"
696,○○を変更。▲▲⇒■■,D999998,67,"2016/08/25 18:00:16"
697,○○を変更。▲▲⇒■■,D999999,68,"2016/08/26 18:30:19"
698,○○を変更。▲▲⇒■■,D999999,66,"2016/08/26 23:21:16"
699,○○を変更。▲▲⇒■■,D999999,66,"2016/08/28 02:54:39"
700,○○を変更。▲▲⇒■■,D999999,128,"2016/08/28 19:25:08"
701,○○を変更。▲▲⇒■■,D999997,65,"2016/08/30 23:12:39"
702,○○を変更。▲▲⇒■■,D999998,43,"2016/09/03 22:45:16"
703,○○を変更。▲▲⇒■■,D999998,58,"2016/09/04 17:57:00"
704,○○を変更。▲▲⇒■■,D999999,42,"2016/09/06 02:45:26"
705,○○を変更。▲▲⇒■■,D999998,67,"2016/09/07 14:11:24"
706,○○を変更。▲▲⇒■■,D999998,15,"2016/09/07 15:38:56"
707,○○を変更。▲▲⇒■■,D999998,83,"2016/09/11 03:35:47"
708,○○を変更。▲▲⇒■■,D999997,43,"2016/09/12 21:50:18"
709,○○を変更。▲▲⇒■■,D999997,69,"2016/09/18 15:24:49"
710,○○を変更。▲▲⇒■■,D999999,51,"2016/09/21 02:16:07"
711,○○を変更。▲▲⇒■■,D999999,156,"2016/09/21 06:52:58"
712,○○を変更。▲▲⇒■■,D999999,4,"2016/09/23 07:20:53"
713,新規登録,D999998,92,"2016/09/23 13:47:43"
714,リリース許可,D999994,92,"2016/09/23 13:47:43"
715,○○を変更。▲▲⇒■■,D999998,158,"2016/09/25 05:07:48"
716,新規登録,D999997,59,"2016/09/25 22:44:44"
717,リリース許可,D999996,59,"2016/09/25 22:44:44"
718,○○を変更。▲▲⇒■■,D999998,130,"2016/09/26 00:29:31"
719,○○を変更。▲▲⇒■■,D999997,37,"2016/09/26 18:00:23"
720,○○を変更。▲▲⇒■■,D999997,156,"2016/09/27 09:13:37"
721,○○を変更。▲▲⇒■■,D999998,59,"2016/09/27 15:12:04"
722,○○を変更。▲▲⇒■■,D999999,128,"2016/09/27 19:00:19"
723,○○を変更。▲▲⇒■■,D999999,14,"2016/09/30 08:32:37"
724,○○を変更。▲▲⇒■■,D999999,66,"2016/09/30 11:47:52"
725,新規登録,D999998,149,"2016/09/30 12:56:56"
726,リリース許可,D999995,149,"2016/09/30 12:56:56"
727,新規登録,D999999,24,"2016/10/02 16:03:34"
728,リリース許可,D999994,24,"2016/10/02 16:03:34"
729,新規登録,D999997,63,"2016/10/03 21:03:39"
730,リリース許可,D999995,63,"2016/10/03 21:03:39"
731,新規登録,D999999,1,"2016/10/03 21:37:30"
732,リリース許可,D999994,1,"2016/10/03 21:37:30"
733,○○を変更。▲▲⇒■■,D999998,129,"2016/10/04 18:54:12"
734,○○を変更。▲▲⇒■■,D999998,65,"2016/10/10 19:40:12"
735,○○を変更。▲▲⇒■■,D999998,14,"2016/10/11 08:40:07"
736,○○を変更。▲▲⇒■■,D999997,146,"2016/10/13 19:56:21"
737,○○を変更。▲▲⇒■■,D999998,88,"2016/10/20 13:42:07"
738,○○を変更。▲▲⇒■■,D999998,94,"2016/10/21 01:11:50"
739,○○を変更。▲▲⇒■■,D999997,37,"2016/10/23 06:12:41"
740,○○を変更。▲▲⇒■■,D999999,75,"2016/10/24 23:21:46"
741,○○を変更。▲▲⇒■■,D999997,13,"2016/10/26 08:34:01"
742,○○を変更。▲▲⇒■■,D999999,53,"2016/10/26 13:24:44"
743,○○を変更。▲▲⇒■■,D999998,67,"2016/10/27 07:04:14"
744,○○を変更。▲▲⇒■■,D999997,149,"2016/10/27 21:45:57"
745,○○を変更。▲▲⇒■■,D999997,16,"2016/10/28 05:45:10"
746,○○を変更。▲▲⇒■■,D999998,4,"2016/10/29 22:23:20"
747,○○を変更。▲▲⇒■■,D999997,58,"2016/10/31 16:56:58"
748,○○を変更。▲▲⇒■■,D999998,156,"2016/11/01 02:12:05"
749,○○を変更。▲▲⇒■■,D999999,150,"2016/11/03 15:49:10"
750,○○を変更。▲▲⇒■■,D999998,80,"2016/11/05 06:04:18"
751,新規登録,D999999,29,"2016/11/05 18:22:42"
752,リリース許可,D999995,29,"2016/11/05 18:22:42"
753,○○を変更。▲▲⇒■■,D999999,94,"2016/11/05 22:36:00"
754,○○を変更。▲▲⇒■■,D999998,51,"2016/11/07 01:44:53"
755,○○を変更。▲▲⇒■■,D999998,75,"2016/11/10 22:17:49"
756,○○を変更。▲▲⇒■■,D999998,158,"2016/11/11 19:48:45"
757,○○を変更。▲▲⇒■■,D999998,40,"2016/11/13 08:03:51"
758,○○を変更。▲▲⇒■■,D999999,16,"2016/11/13 10:34:40"
759,○○を変更。▲▲⇒■■,D999999,91,"2016/11/14 05:15:00"
760,○○を変更。▲▲⇒■■,D999999,119,"2016/11/17 09:34:45"
761,○○を変更。▲▲⇒■■,D999999,128,"2016/11/17 13:38:05"
762,○○を変更。▲▲⇒■■,D999997,23,"2016/11/21 00:22:46"
763,○○を変更。▲▲⇒■■,D999997,80,"2016/11/29 04:45:21"
764,○○を変更。▲▲⇒■■,D999998,37,"2016/11/29 14:33:37"
765,○○を変更。▲▲⇒■■,D999999,66,"2016/11/29 16:19:43"
766,○○を変更。▲▲⇒■■,D999997,24,"2016/12/01 22:17:05"
767,○○を変更。▲▲⇒■■,D999999,149,"2016/12/03 14:58:24"
768,○○を変更。▲▲⇒■■,D999997,10,"2016/12/04 12:06:40"
769,○○を変更。▲▲⇒■■,D999999,54,"2016/12/05 03:48:39"
770,○○を変更。▲▲⇒■■,D999998,65,"2016/12/05 08:56:16"
771,○○を変更。▲▲⇒■■,D999997,20,"2016/12/07 20:55:55"
772,○○を変更。▲▲⇒■■,D999999,66,"2016/12/10 09:52:25"
773,○○を変更。▲▲⇒■■,D999998,43,"2016/12/11 12:09:10"
774,○○を変更。▲▲⇒■■,D999999,58,"2016/12/12 13:37:22"
775,○○を変更。▲▲⇒■■,D999999,156,"2016/12/15 07:57:57"
776,新規登録,D999999,34,"2016/12/19 06:22:32"
777,リリース許可,D999996,34,"2016/12/19 06:22:32"
778,○○を変更。▲▲⇒■■,D999997,94,"2016/12/20 03:33:45"
779,○○を変更。▲▲⇒■■,D999997,43,"2016/12/21 18:56:25"
780,○○を変更。▲▲⇒■■,D999999,149,"2016/12/23 01:04:01"
781,○○を変更。▲▲⇒■■,D999998,149,"2016/12/23 01:34:06"
782,○○を変更。▲▲⇒■■,D999998,1,"2016/12/23 02:39:23"
783,○○を変更。▲▲⇒■■,D999998,128,"2016/12/25 10:33:12"
784,○○を変更。▲▲⇒■■,D999999,65,"2016/12/27 22:42:03"
785,○○を変更。▲▲⇒■■,D999997,43,"2016/12/31 08:01:33"
786,○○を変更。▲▲⇒■■,D999997,13,"2016/12/31 17:19:26"
787,○○を変更。▲▲⇒■■,D999999,126,"2017/01/02 13:43:38"
788,○○を変更。▲▲⇒■■,D999997,65,"2017/01/04 12:19:30"
789,○○を変更。▲▲⇒■■,D999999,16,"2017/01/04 13:41:23"
790,新規登録,D999998,25,"2017/01/10 23:01:12"
791,リリース許可,D999994,25,"2017/01/10 23:01:12"
792,新規登録,D999997,161,"2017/01/11 13:12:56"
793,○○を変更。▲▲⇒■■,D999998,58,"2017/01/11 19:44:22"
794,○○を変更。▲▲⇒■■,D999998,86,"2017/01/13 18:41:10"
795,○○を変更。▲▲⇒■■,D999997,59,"2017/01/19 01:28:03"
796,○○を変更。▲▲⇒■■,D999998,107,"2017/01/20 00:10:39"
797,○○を変更。▲▲⇒■■,D999999,51,"2017/01/21 11:40:07"
798,新規登録,D999997,47,"2017/01/22 12:14:29"
799,○○を変更。▲▲⇒■■,D999998,15,"2017/01/22 22:39:00"
800,○○を変更。▲▲⇒■■,D999999,37,"2017/01/24 03:47:19"
801,○○を変更。▲▲⇒■■,D999998,102,"2017/01/24 10:07:52"
802,○○を変更。▲▲⇒■■,D999998,150,"2017/01/25 00:50:48"
803,新規登録,D999999,41,"2017/01/28 09:05:23"
804,リリース許可,D999996,41,"2017/01/28 09:05:23"
805,○○を変更。▲▲⇒■■,D999997,59,"2017/01/31 08:41:46"
806,○○を変更。▲▲⇒■■,D999997,119,"2017/01/31 09:29:33"
807,○○を変更。▲▲⇒■■,D999998,15,"2017/01/31 10:57:30"
808,○○を変更。▲▲⇒■■,D999999,80,"2017/02/02 06:53:21"
809,○○を変更。▲▲⇒■■,D999998,59,"2017/02/03 23:33:03"
810,○○を変更。▲▲⇒■■,D999999,7,"2017/02/04 07:52:50"
811,○○を変更。▲▲⇒■■,D999997,110,"2017/02/05 04:15:47"
812,○○を変更。▲▲⇒■■,D999998,42,"2017/02/05 06:00:38"
813,○○を変更。▲▲⇒■■,D999999,83,"2017/02/05 19:30:18"
814,○○を変更。▲▲⇒■■,D999999,75,"2017/02/05 20:43:42"
815,○○を変更。▲▲⇒■■,D999998,54,"2017/02/06 12:51:02"
816,○○を変更。▲▲⇒■■,D999998,146,"2017/02/07 01:31:02"
817,新規登録,D999998,44,"2017/02/09 23:13:49"
818,リリース許可,D999995,44,"2017/02/09 23:13:49"
819,○○を変更。▲▲⇒■■,D999998,1,"2017/02/10 11:27:59"
820,○○を変更。▲▲⇒■■,D999998,38,"2017/02/12 18:16:16"
821,○○を変更。▲▲⇒■■,D999999,25,"2017/02/13 04:15:00"
822,○○を変更。▲▲⇒■■,D999997,82,"2017/02/13 14:12:06"
823,○○を変更。▲▲⇒■■,D999999,130,"2017/02/15 05:48:32"
824,○○を変更。▲▲⇒■■,D999998,80,"2017/02/16 11:05:01"
825,○○を変更。▲▲⇒■■,D999999,107,"2017/02/17 16:56:39"
826,○○を変更。▲▲⇒■■,D999998,113,"2017/02/17 19:17:01"
827,○○を変更。▲▲⇒■■,D999999,80,"2017/02/18 19:07:54"
828,○○を変更。▲▲⇒■■,D999998,106,"2017/02/19 06:14:59"
829,○○を変更。▲▲⇒■■,D999999,139,"2017/02/20 04:14:21"
830,○○を変更。▲▲⇒■■,D999998,65,"2017/02/21 10:22:27"
831,○○を変更。▲▲⇒■■,D999999,53,"2017/02/22 18:18:53"
832,○○を変更。▲▲⇒■■,D999999,25,"2017/02/23 19:14:44"
833,○○を変更。▲▲⇒■■,D999997,63,"2017/02/26 11:14:33"
834,○○を変更。▲▲⇒■■,D999997,131,"2017/02/27 02:33:58"
835,○○を変更。▲▲⇒■■,D999997,94,"2017/02/27 12:32:53"
836,○○を変更。▲▲⇒■■,D999999,41,"2017/02/28 09:54:33"
837,○○を変更。▲▲⇒■■,D999997,58,"2017/02/28 18:24:13"
838,○○を変更。▲▲⇒■■,D999997,94,"2017/02/28 19:36:01"
839,○○を変更。▲▲⇒■■,D999998,149,"2017/03/04 08:10:21"
840,○○を変更。▲▲⇒■■,D999999,158,"2017/03/04 22:10:38"
841,○○を変更。▲▲⇒■■,D999997,22,"2017/03/09 15:38:14"
842,○○を変更。▲▲⇒■■,D999998,139,"2017/03/09 17:46:29"
843,○○を変更。▲▲⇒■■,D999997,111,"2017/03/10 21:42:00"
844,○○を変更。▲▲⇒■■,D999997,44,"2017/03/10 23:12:10"
845,○○を変更。▲▲⇒■■,D999998,34,"2017/03/11 13:52:24"
846,○○を変更。▲▲⇒■■,D999999,29,"2017/03/14 09:28:54"
847,○○を変更。▲▲⇒■■,D999999,113,"2017/03/15 01:42:17"
848,○○を変更。▲▲⇒■■,D999998,110,"2017/03/18 10:05:20"
849,○○を変更。▲▲⇒■■,D999997,77,"2017/03/19 03:05:14"
850,新規登録,D999999,17,"2017/03/19 15:15:05"
851,リリース許可,D999996,17,"2017/03/19 15:15:05"
852,○○を変更。▲▲⇒■■,D999998,25,"2017/03/22 16:01:12"
853,○○を変更。▲▲⇒■■,D999999,139,"2017/03/24 04:12:29"
854,○○を変更。▲▲⇒■■,D999997,7,"2017/03/24 05:03:28"
855,○○を変更。▲▲⇒■■,D999997,12,"2017/03/27 10:51:43"
856,○○を変更。▲▲⇒■■,D999997,4,"2017/03/31 18:08:58"
857,○○を変更。▲▲⇒■■,D999997,72,"2017/04/01 19:22:31"
858,○○を変更。▲▲⇒■■,D999998,141,"2017/04/02 21:25:09"
859,○○を変更。▲▲⇒■■,D999999,92,"2017/04/03 20:02:46"
860,○○を変更。▲▲⇒■■,D999999,104,"2017/04/04 03:55:22"
861,○○を変更。▲▲⇒■■,D999998,93,"2017/04/05 09:49:39"
862,○○を変更。▲▲⇒■■,D999998,139,"2017/04/07 07:53:59"
863,○○を変更。▲▲⇒■■,D999998,37,"2017/04/07 11:27:29"
864,○○を変更。▲▲⇒■■,D999997,14,"2017/04/07 14:56:18"
865,○○を変更。▲▲⇒■■,D999997,149,"2017/04/08 17:37:39"
866,新規登録,D999999,134,"2017/04/10 03:34:41"
867,リリース許可,D999995,134,"2017/04/10 03:34:41"
868,○○を変更。▲▲⇒■■,D999997,102,"2017/04/11 05:23:40"
869,○○を変更。▲▲⇒■■,D999998,1,"2017/04/12 12:03:20"
870,○○を変更。▲▲⇒■■,D999998,83,"2017/04/13 12:50:28"
871,○○を変更。▲▲⇒■■,D999998,63,"2017/04/15 02:21:01"
872,○○を変更。▲▲⇒■■,D999997,12,"2017/04/16 05:42:43"
873,○○を変更。▲▲⇒■■,D999999,117,"2017/04/16 15:24:31"
874,新規登録,D999999,46,"2017/04/17 00:21:07"
875,リリース許可,D999994,46,"2017/04/17 00:21:07"
876,○○を変更。▲▲⇒■■,D999999,139,"2017/04/17 18:35:28"
877,新規登録,D999999,48,"2017/04/18 10:26:20"
878,リリース許可,D999994,48,"2017/04/18 10:26:20"
879,○○を変更。▲▲⇒■■,D999997,75,"2017/04/18 12:21:05"
880,○○を変更。▲▲⇒■■,D999998,24,"2017/04/19 04:07:07"
881,○○を変更。▲▲⇒■■,D999998,67,"2017/04/19 14:51:23"
882,○○を変更。▲▲⇒■■,D999999,148,"2017/04/20 10:48:18"
883,○○を変更。▲▲⇒■■,D999997,6,"2017/04/22 05:26:12"
884,○○を変更。▲▲⇒■■,D999998,34,"2017/04/22 14:29:09"
885,○○を変更。▲▲⇒■■,D999997,152,"2017/04/24 04:40:11"
886,新規登録,D999999,96,"2017/04/24 06:19:37"
887,○○を変更。▲▲⇒■■,D999997,115,"2017/04/27 01:23:51"
888,○○を変更。▲▲⇒■■,D999998,44,"2017/04/27 17:24:06"
889,○○を変更。▲▲⇒■■,D999999,14,"2017/04/28 13:23:33"
890,○○を変更。▲▲⇒■■,D999998,65,"2017/04/30 02:08:24"
891,○○を変更。▲▲⇒■■,D999999,134,"2017/04/30 18:31:03"
892,○○を変更。▲▲⇒■■,D999998,53,"2017/04/30 19:08:37"
893,○○を変更。▲▲⇒■■,D999998,139,"2017/05/01 22:03:26"
894,○○を変更。▲▲⇒■■,D999997,1,"2017/05/06 09:53:49"
895,○○を変更。▲▲⇒■■,D999999,22,"2017/05/07 20:10:45"
896,○○を変更。▲▲⇒■■,D999997,42,"2017/05/09 13:47:52"
897,○○を変更。▲▲⇒■■,D999998,102,"2017/05/10 08:34:07"
898,○○を変更。▲▲⇒■■,D999999,113,"2017/05/12 20:38:43"
899,○○を変更。▲▲⇒■■,D999999,25,"2017/05/17 15:47:05"
900,○○を変更。▲▲⇒■■,D999997,63,"2017/05/19 14:47:20"
901,○○を変更。▲▲⇒■■,D999999,91,"2017/05/19 18:35:46"
902,○○を変更。▲▲⇒■■,D999998,94,"2017/05/21 08:19:49"
903,○○を変更。▲▲⇒■■,D999999,131,"2017/05/24 05:30:41"
904,○○を変更。▲▲⇒■■,D999999,25,"2017/05/24 09:41:01"
905,○○を変更。▲▲⇒■■,D999998,86,"2017/05/25 06:12:10"
906,○○を変更。▲▲⇒■■,D999999,106,"2017/05/28 23:41:29"
907,○○を変更。▲▲⇒■■,D999998,82,"2017/05/30 14:20:42"
908,新規登録,D999998,71,"2017/05/31 01:57:38"
909,リリース許可,D999995,71,"2017/05/31 01:57:38"
910,○○を変更。▲▲⇒■■,D999999,106,"2017/06/01 02:25:26"
911,○○を変更。▲▲⇒■■,D999998,71,"2017/06/04 01:37:16"
912,○○を変更。▲▲⇒■■,D999999,80,"2017/06/04 14:59:57"
913,○○を変更。▲▲⇒■■,D999999,54,"2017/06/06 19:10:28"
914,○○を変更。▲▲⇒■■,D999998,134,"2017/06/06 20:11:42"
915,○○を変更。▲▲⇒■■,D999999,31,"2017/06/07 09:05:48"
916,○○を変更。▲▲⇒■■,D999998,106,"2017/06/07 10:44:58"
917,○○を変更。▲▲⇒■■,D999998,50,"2017/06/08 04:17:55"
918,撤去完了確認,D999994,48,"2017/06/08 17:01:42"
919,○○を変更。▲▲⇒■■,D999997,151,"2017/06/08 17:50:26"
920,○○を変更。▲▲⇒■■,D999998,43,"2017/06/09 18:02:11"
921,○○を変更。▲▲⇒■■,D999998,127,"2017/06/10 20:24:28"
922,○○を変更。▲▲⇒■■,D999998,139,"2017/06/11 11:26:05"
923,○○を変更。▲▲⇒■■,D999999,80,"2017/06/11 20:40:15"
924,○○を変更。▲▲⇒■■,D999997,71,"2017/06/13 03:07:13"
925,○○を変更。▲▲⇒■■,D999999,134,"2017/06/13 05:29:14"
926,○○を変更。▲▲⇒■■,D999999,63,"2017/06/14 16:34:21"
927,新規登録,D999997,5,"2017/06/16 22:49:45"
928,リリース許可,D999996,5,"2017/06/16 22:49:45"
929,○○を変更。▲▲⇒■■,D999998,149,"2017/06/18 07:12:48"
930,○○を変更。▲▲⇒■■,D999998,152,"2017/06/19 15:27:17"
931,○○を変更。▲▲⇒■■,D999998,146,"2017/06/21 18:51:43"
932,○○を変更。▲▲⇒■■,D999999,22,"2017/06/22 17:48:27"
933,○○を変更。▲▲⇒■■,D999997,59,"2017/06/22 22:28:44"
934,○○を変更。▲▲⇒■■,D999999,7,"2017/06/23 10:10:52"
935,○○を変更。▲▲⇒■■,D999997,37,"2017/06/24 17:23:04"
936,○○を変更。▲▲⇒■■,D999998,54,"2017/06/27 05:23:53"
937,○○を変更。▲▲⇒■■,D999997,127,"2017/06/29 13:18:37"
938,○○を変更。▲▲⇒■■,D999999,11,"2017/06/30 21:05:13"
939,○○を変更。▲▲⇒■■,D999999,127,"2017/07/01 00:45:57"
940,○○を変更。▲▲⇒■■,D999997,134,"2017/07/01 13:01:06"
941,○○を変更。▲▲⇒■■,D999999,4,"2017/07/02 00:25:48"
942,○○を変更。▲▲⇒■■,D999999,71,"2017/07/02 01:30:31"
943,○○を変更。▲▲⇒■■,D999997,91,"2017/07/03 23:42:10"
944,○○を変更。▲▲⇒■■,D999997,145,"2017/07/04 12:27:18"
945,○○を変更。▲▲⇒■■,D999997,41,"2017/07/05 08:41:01"
946,○○を変更。▲▲⇒■■,D999998,61,"2017/07/05 09:32:48"
947,○○を変更。▲▲⇒■■,D999999,51,"2017/07/05 16:45:14"
948,○○を変更。▲▲⇒■■,D999999,65,"2017/07/09 14:08:35"
949,○○を変更。▲▲⇒■■,D999998,41,"2017/07/10 02:56:14"
950,○○を変更。▲▲⇒■■,D999997,6,"2017/07/12 19:39:28"
951,○○を変更。▲▲⇒■■,D999997,145,"2017/07/15 15:28:32"
952,○○を変更。▲▲⇒■■,D999997,66,"2017/07/17 09:11:49"
953,○○を変更。▲▲⇒■■,D999997,65,"2017/07/18 03:53:58"
954,○○を変更。▲▲⇒■■,D999999,151,"2017/07/18 20:42:20"
955,○○を変更。▲▲⇒■■,D999997,75,"2017/07/19 02:20:18"
956,○○を変更。▲▲⇒■■,D999997,119,"2017/07/20 11:35:14"
957,○○を変更。▲▲⇒■■,D999999,101,"2017/07/20 18:12:40"
958,新規登録,D999997,89,"2017/07/21 23:56:16"
959,リリース許可,D999996,89,"2017/07/21 23:56:16"
960,○○を変更。▲▲⇒■■,D999997,24,"2017/07/23 03:26:09"
961,○○を変更。▲▲⇒■■,D999999,44,"2017/07/23 11:34:16"
962,○○を変更。▲▲⇒■■,D999998,63,"2017/07/26 02:11:35"
963,○○を変更。▲▲⇒■■,D999998,91,"2017/07/28 11:55:44"
964,○○を変更。▲▲⇒■■,D999999,11,"2017/07/29 12:07:04"
965,○○を変更。▲▲⇒■■,D999999,29,"2017/07/29 16:54:32"
966,○○を変更。▲▲⇒■■,D999999,44,"2017/07/30 21:33:48"
967,○○を変更。▲▲⇒■■,D999999,25,"2017/08/04 19:24:47"
968,○○を変更。▲▲⇒■■,D999997,88,"2017/08/06 09:29:41"
969,○○を変更。▲▲⇒■■,D999999,113,"2017/08/09 15:05:24"
970,○○を変更。▲▲⇒■■,D999998,72,"2017/08/11 00:18:44"
971,○○を変更。▲▲⇒■■,D999999,148,"2017/08/13 11:13:19"
972,○○を変更。▲▲⇒■■,D999998,113,"2017/08/13 13:23:26"
973,○○を変更。▲▲⇒■■,D999997,50,"2017/08/13 17:11:34"
974,○○を変更。▲▲⇒■■,D999999,94,"2017/08/15 00:01:36"
975,○○を変更。▲▲⇒■■,D999998,25,"2017/08/15 02:40:20"
976,○○を変更。▲▲⇒■■,D999997,110,"2017/08/15 22:36:48"
977,○○を変更。▲▲⇒■■,D999998,112,"2017/08/16 02:51:59"
978,新規登録,D999997,64,"2017/08/20 02:40:52"
979,○○を変更。▲▲⇒■■,D999999,51,"2017/08/20 12:24:04"
980,○○を変更。▲▲⇒■■,D999997,89,"2017/08/22 08:17:27"
981,○○を変更。▲▲⇒■■,D999998,58,"2017/08/24 07:41:35"
982,○○を変更。▲▲⇒■■,D999998,152,"2017/08/25 06:08:46"
983,○○を変更。▲▲⇒■■,D999997,86,"2017/08/28 21:49:11"
984,○○を変更。▲▲⇒■■,D999997,142,"2017/08/29 04:33:29"
985,○○を変更。▲▲⇒■■,D999997,149,"2017/08/31 13:46:55"
986,○○を変更。▲▲⇒■■,D999998,119,"2017/09/02 03:57:48"
987,○○を変更。▲▲⇒■■,D999998,63,"2017/09/02 09:29:19"
988,新規登録,D999998,56,"2017/09/02 12:46:39"
989,リリース許可,D999996,56,"2017/09/02 12:46:39"
990,○○を変更。▲▲⇒■■,D999999,56,"2017/09/02 15:25:13"
991,新規登録,D999997,35,"2017/09/03 14:24:41"
992,リリース許可,D999996,35,"2017/09/03 14:24:41"
993,新規登録,D999999,73,"2017/09/06 00:36:58"
994,リリース許可,D999996,73,"2017/09/06 00:36:58"
995,○○を変更。▲▲⇒■■,D999998,139,"2017/09/06 11:03:00"
996,○○を変更。▲▲⇒■■,D999999,48,"2017/09/07 17:37:41"
997,○○を変更。▲▲⇒■■,D999997,67,"2017/09/07 23:03:51"
998,○○を変更。▲▲⇒■■,D999999,44,"2017/09/09 01:08:17"
999,○○を変更。▲▲⇒■■,D999997,59,"2017/09/09 16:55:53"
1000,○○を変更。▲▲⇒■■,D999997,80,"2017/09/09 22:03:12"
1001,○○を変更。▲▲⇒■■,D999999,50,"2017/09/10 08:47:44"
1002,○○を変更。▲▲⇒■■,D999997,17,"2017/09/10 15:00:41"
1003,新規登録,D999997,144,"2017/09/11 04:41:50"
1004,○○を変更。▲▲⇒■■,D999999,94,"2017/09/11 09:52:55"
1005,○○を変更。▲▲⇒■■,D999998,152,"2017/09/13 00:51:01"
1006,○○を変更。▲▲⇒■■,D999997,56,"2017/09/14 22:40:17"
1007,○○を変更。▲▲⇒■■,D999999,58,"2017/09/14 23:41:54"
1008,○○を変更。▲▲⇒■■,D999997,1,"2017/09/16 22:09:04"
1009,○○を変更。▲▲⇒■■,D999998,44,"2017/09/17 23:24:29"
1010,○○を変更。▲▲⇒■■,D999998,115,"2017/09/17 23:56:06"
1011,○○を変更。▲▲⇒■■,D999997,146,"2017/09/18 05:47:25"
1012,○○を変更。▲▲⇒■■,D999998,25,"2017/09/18 07:58:00"
1013,○○を変更。▲▲⇒■■,D999999,92,"2017/09/18 09:24:59"
1014,○○を変更。▲▲⇒■■,D999998,35,"2017/09/18 21:23:46"
1015,○○を変更。▲▲⇒■■,D999997,44,"2017/09/19 05:00:01"
1016,○○を変更。▲▲⇒■■,D999997,110,"2017/09/19 12:21:40"
1017,○○を変更。▲▲⇒■■,D999997,25,"2017/09/20 03:24:34"
1018,○○を変更。▲▲⇒■■,D999997,152,"2017/09/20 07:21:16"
1019,新規登録,D999999,121,"2017/09/20 20:05:10"
1020,リリース許可,D999994,121,"2017/09/20 20:05:10"
1021,○○を変更。▲▲⇒■■,D999998,113,"2017/09/23 02:41:08"
1022,○○を変更。▲▲⇒■■,D999999,127,"2017/09/25 00:37:04"
1023,○○を変更。▲▲⇒■■,D999997,106,"2017/09/25 07:41:45"
1024,○○を変更。▲▲⇒■■,D999999,82,"2017/09/25 19:39:56"
1025,○○を変更。▲▲⇒■■,D999998,58,"2017/09/26 07:21:44"
1026,○○を変更。▲▲⇒■■,D999997,121,"2017/09/28 10:08:14"
1027,○○を変更。▲▲⇒■■,D999999,158,"2017/09/29 06:44:55"
1028,○○を変更。▲▲⇒■■,D999999,13,"2017/09/30 15:10:42"
1029,○○を変更。▲▲⇒■■,D999999,5,"2017/09/30 23:37:02"
1030,○○を変更。▲▲⇒■■,D999999,87,"2017/10/02 03:04:12"
1031,○○を変更。▲▲⇒■■,D999997,11,"2017/10/02 08:14:45"
1032,○○を変更。▲▲⇒■■,D999997,56,"2017/10/02 10:19:01"
1033,○○を変更。▲▲⇒■■,D999997,151,"2017/10/02 17:44:24"
1034,○○を変更。▲▲⇒■■,D999999,80,"2017/10/03 14:02:35"
1035,○○を変更。▲▲⇒■■,D999999,119,"2017/10/03 21:17:03"
1036,○○を変更。▲▲⇒■■,D999998,111,"2017/10/04 13:57:27"
1037,○○を変更。▲▲⇒■■,D999997,81,"2017/10/04 19:09:02"
1038,新規登録,D999998,125,"2017/10/05 17:57:30"
1039,リリース許可,D999994,125,"2017/10/05 17:57:30"
1040,○○を変更。▲▲⇒■■,D999998,48,"2017/10/09 04:50:53"
1041,○○を変更。▲▲⇒■■,D999997,152,"2017/10/09 07:44:44"
1042,○○を変更。▲▲⇒■■,D999999,121,"2017/10/09 21:22:20"
1043,新規登録,D999999,108,"2017/10/11 05:25:01"
1044,リリース許可,D999995,108,"2017/10/11 05:25:01"
1045,○○を変更。▲▲⇒■■,D999999,1,"2017/10/12 18:27:37"
1046,○○を変更。▲▲⇒■■,D999999,114,"2017/10/12 19:06:30"
1047,○○を変更。▲▲⇒■■,D999998,63,"2017/10/13 06:27:34"
1048,○○を変更。▲▲⇒■■,D999997,149,"2017/10/13 18:39:10"
1049,新規登録,D999999,137,"2017/10/14 02:08:08"
1050,リリース許可,D999996,137,"2017/10/14 02:08:08"
1051,○○を変更。▲▲⇒■■,D999999,146,"2017/10/16 00:43:23"
1052,○○を変更。▲▲⇒■■,D999997,108,"2017/10/22 18:06:02"
1053,○○を変更。▲▲⇒■■,D999998,5,"2017/10/23 22:02:06"
1054,○○を変更。▲▲⇒■■,D999997,25,"2017/10/24 16:29:56"
1055,○○を変更。▲▲⇒■■,D999997,63,"2017/10/25 21:45:16"
1056,○○を変更。▲▲⇒■■,D999999,17,"2017/10/26 13:20:51"
1057,○○を変更。▲▲⇒■■,D999999,156,"2017/10/27 10:01:13"
1058,○○を変更。▲▲⇒■■,D999997,13,"2017/10/29 21:38:22"
1059,○○を変更。▲▲⇒■■,D999998,46,"2017/10/31 21:46:20"
1060,○○を変更。▲▲⇒■■,D999997,71,"2017/11/03 18:46:16"
1061,○○を変更。▲▲⇒■■,D999998,129,"2017/11/04 04:21:21"
1062,○○を変更。▲▲⇒■■,D999998,7,"2017/11/07 07:01:47"
1063,○○を変更。▲▲⇒■■,D999999,89,"2017/11/09 01:07:12"
1064,○○を変更。▲▲⇒■■,D999998,67,"2017/11/09 01:44:38"
1065,○○を変更。▲▲⇒■■,D999999,129,"2017/11/10 05:46:29"
1066,○○を変更。▲▲⇒■■,D999997,88,"2017/11/13 18:17:35"
1067,○○を変更。▲▲⇒■■,D999998,108,"2017/11/15 03:50:59"
1068,○○を変更。▲▲⇒■■,D999997,146,"2017/11/15 10:30:02"
1069,○○を変更。▲▲⇒■■,D999998,119,"2017/11/15 15:36:08"
1070,○○を変更。▲▲⇒■■,D999998,59,"2017/11/18 14:48:26"
1071,○○を変更。▲▲⇒■■,D999999,1,"2017/11/19 13:49:27"
1072,○○を変更。▲▲⇒■■,D999997,51,"2017/11/19 16:26:09"
1073,○○を変更。▲▲⇒■■,D999998,129,"2017/11/19 16:40:18"
1074,○○を変更。▲▲⇒■■,D999999,88,"2017/11/20 23:50:09"
1075,○○を変更。▲▲⇒■■,D999999,16,"2017/11/22 22:06:08"
1076,○○を変更。▲▲⇒■■,D999997,54,"2017/11/23 00:34:48"
1077,○○を変更。▲▲⇒■■,D999998,56,"2017/11/23 23:05:00"
1078,○○を変更。▲▲⇒■■,D999999,152,"2017/11/25 20:55:12"
1079,○○を変更。▲▲⇒■■,D999997,108,"2017/11/27 00:46:00"
1080,○○を変更。▲▲⇒■■,D999999,146,"2017/11/27 19:30:24"
1081,○○を変更。▲▲⇒■■,D999998,94,"2017/11/28 13:34:53"
1082,○○を変更。▲▲⇒■■,D999998,132,"2017/11/28 17:08:46"
1083,○○を変更。▲▲⇒■■,D999998,125,"2017/11/29 04:33:01"
1084,○○を変更。▲▲⇒■■,D999997,61,"2017/11/30 01:09:24"
1085,○○を変更。▲▲⇒■■,D999999,102,"2017/12/01 22:31:43"
1086,○○を変更。▲▲⇒■■,D999998,56,"2017/12/02 19:04:50"
1087,○○を変更。▲▲⇒■■,D999997,34,"2017/12/04 12:23:56"
1088,○○を変更。▲▲⇒■■,D999999,134,"2017/12/08 03:12:56"
1089,○○を変更。▲▲⇒■■,D999999,13,"2017/12/09 18:05:59"
1090,○○を変更。▲▲⇒■■,D999999,44,"2017/12/12 20:05:21"
1091,○○を変更。▲▲⇒■■,D999999,80,"2017/12/15 05:40:44"
1092,○○を変更。▲▲⇒■■,D999998,156,"2017/12/15 09:09:54"
1093,○○を変更。▲▲⇒■■,D999997,113,"2017/12/16 10:14:35"
1094,○○を変更。▲▲⇒■■,D999998,63,"2017/12/18 02:26:09"
1095,○○を変更。▲▲⇒■■,D999997,110,"2017/12/18 05:07:42"
1096,○○を変更。▲▲⇒■■,D999997,106,"2017/12/18 11:56:27"
1097,○○を変更。▲▲⇒■■,D999997,152,"2017/12/20 04:55:00"
1098,新規登録,D999998,124,"2017/12/20 07:02:46"
1099,リリース許可,D999995,124,"2017/12/20 07:02:46"
1100,○○を変更。▲▲⇒■■,D999997,129,"2017/12/21 11:18:34"
1101,○○を変更。▲▲⇒■■,D999999,43,"2017/12/21 23:21:46"
1102,○○を変更。▲▲⇒■■,D999997,80,"2017/12/22 10:55:46"
1103,○○を変更。▲▲⇒■■,D999999,125,"2017/12/22 12:16:27"
1104,○○を変更。▲▲⇒■■,D999998,124,"2017/12/22 23:45:20"
1105,○○を変更。▲▲⇒■■,D999997,24,"2017/12/23 00:00:55"
1106,○○を変更。▲▲⇒■■,D999997,118,"2017/12/23 07:04:36"
1107,○○を変更。▲▲⇒■■,D999997,86,"2017/12/24 01:20:09"
1108,○○を変更。▲▲⇒■■,D999997,111,"2017/12/24 15:38:28"
1109,○○を変更。▲▲⇒■■,D999997,16,"2017/12/24 17:27:56"
1110,○○を変更。▲▲⇒■■,D999998,124,"2017/12/25 06:10:33"
1111,○○を変更。▲▲⇒■■,D999997,63,"2017/12/25 20:38:43"
1112,○○を変更。▲▲⇒■■,D999997,83,"2017/12/25 23:10:38"
1113,○○を変更。▲▲⇒■■,D999997,121,"2017/12/26 08:05:15"
1114,新規登録,D999997,33,"2017/12/26 14:04:59"
1115,リリース許可,D999996,33,"2017/12/26 14:04:59"
1116,○○を変更。▲▲⇒■■,D999999,114,"2017/12/28 10:38:39"
1117,○○を変更。▲▲⇒■■,D999998,63,"2017/12/28 20:48:32"
1118,○○を変更。▲▲⇒■■,D999997,33,"2017/12/30 05:16:53"
1119,○○を変更。▲▲⇒■■,D999997,89,"2017/12/30 11:24:01"
1120,○○を変更。▲▲⇒■■,D999998,63,"2018/01/02 06:30:04"
1121,○○を変更。▲▲⇒■■,D999998,25,"2018/01/03 00:31:56"
1122,○○を変更。▲▲⇒■■,D999998,117,"2018/01/06 00:23:15"
1123,○○を変更。▲▲⇒■■,D999999,124,"2018/01/06 00:30:04"
1124,○○を変更。▲▲⇒■■,D999999,23,"2018/01/06 16:59:09"
1125,○○を変更。▲▲⇒■■,D999999,44,"2018/01/07 01:39:40"
1126,○○を変更。▲▲⇒■■,D999997,80,"2018/01/08 20:44:15"
1127,○○を変更。▲▲⇒■■,D999999,149,"2018/01/08 22:10:17"
1128,○○を変更。▲▲⇒■■,D999998,134,"2018/01/10 01:55:07"
1129,○○を変更。▲▲⇒■■,D999999,121,"2018/01/10 08:33:38"
1130,○○を変更。▲▲⇒■■,D999998,8,"2018/01/10 21:08:13"
1131,○○を変更。▲▲⇒■■,D999999,146,"2018/01/13 20:19:25"
1132,○○を変更。▲▲⇒■■,D999999,37,"2018/01/14 14:58:09"
1133,○○を変更。▲▲⇒■■,D999999,124,"2018/01/14 16:06:19"
1134,○○を変更。▲▲⇒■■,D999999,107,"2018/01/15 04:13:39"
1135,○○を変更。▲▲⇒■■,D999998,147,"2018/01/15 11:22:32"
1136,○○を変更。▲▲⇒■■,D999998,4,"2018/01/17 00:28:20"
1137,撤去完了確認,D999996,110,"2018/01/17 08:06:45"
1138,○○を変更。▲▲⇒■■,D999997,33,"2018/01/17 20:59:34"
1139,○○を変更。▲▲⇒■■,D999998,44,"2018/01/18 13:16:31"
1140,○○を変更。▲▲⇒■■,D999999,89,"2018/01/19 01:40:01"
1141,○○を変更。▲▲⇒■■,D999998,23,"2018/01/19 14:15:32"
1142,○○を変更。▲▲⇒■■,D999997,35,"2018/01/19 20:01:33"
1143,○○を変更。▲▲⇒■■,D999998,71,"2018/01/20 23:37:06"
1144,○○を変更。▲▲⇒■■,D999997,72,"2018/01/21 21:48:09"
1145,○○を変更。▲▲⇒■■,D999998,146,"2018/01/21 22:16:32"
1146,○○を変更。▲▲⇒■■,D999998,128,"2018/01/23 12:31:32"
1147,○○を変更。▲▲⇒■■,D999998,149,"2018/01/23 13:25:35"
1148,○○を変更。▲▲⇒■■,D999998,89,"2018/01/23 22:26:44"
1149,○○を変更。▲▲⇒■■,D999998,137,"2018/01/24 06:07:14"
1150,○○を変更。▲▲⇒■■,D999999,7,"2018/01/24 07:07:52"
1151,○○を変更。▲▲⇒■■,D999997,67,"2018/01/24 19:49:49"
1152,○○を変更。▲▲⇒■■,D999997,124,"2018/01/25 05:42:26"
1153,○○を変更。▲▲⇒■■,D999998,119,"2018/01/25 19:17:41"
1154,○○を変更。▲▲⇒■■,D999999,71,"2018/01/26 00:00:46"
1155,○○を変更。▲▲⇒■■,D999999,51,"2018/01/26 09:55:40"
1156,○○を変更。▲▲⇒■■,D999998,124,"2018/01/26 20:06:04"
1157,○○を変更。▲▲⇒■■,D999998,134,"2018/01/28 06:36:40"
1158,○○を変更。▲▲⇒■■,D999997,35,"2018/01/29 12:46:41"
1159,○○を変更。▲▲⇒■■,D999998,127,"2018/01/29 17:25:21"
1160,○○を変更。▲▲⇒■■,D999999,82,"2018/01/31 20:57:29"
1161,○○を変更。▲▲⇒■■,D999998,44,"2018/02/01 04:36:11"
1162,○○を変更。▲▲⇒■■,D999999,61,"2018/02/02 00:53:11"
1163,○○を変更。▲▲⇒■■,D999998,75,"2018/02/02 03:46:46"
1164,○○を変更。▲▲⇒■■,D999998,110,"2018/02/02 08:08:57"
1165,○○を変更。▲▲⇒■■,D999999,129,"2018/02/02 13:36:43"
1166,○○を変更。▲▲⇒■■,D999997,33,"2018/02/03 12:38:08"
1167,○○を変更。▲▲⇒■■,D999998,119,"2018/02/05 21:01:53"
1168,○○を変更。▲▲⇒■■,D999997,89,"2018/02/06 11:24:43"
1169,○○を変更。▲▲⇒■■,D999997,145,"2018/02/07 09:22:51"
1170,○○を変更。▲▲⇒■■,D999997,20,"2018/02/07 12:19:21"
1171,○○を変更。▲▲⇒■■,D999998,124,"2018/02/09 13:33:44"
1172,○○を変更。▲▲⇒■■,D999999,137,"2018/02/12 10:02:18"
1173,○○を変更。▲▲⇒■■,D999999,63,"2018/02/14 08:40:34"
1174,○○を変更。▲▲⇒■■,D999997,22,"2018/02/14 13:27:48"
1175,○○を変更。▲▲⇒■■,D999999,33,"2018/02/14 17:12:56"
1176,○○を変更。▲▲⇒■■,D999997,33,"2018/02/15 01:32:16"
1177,○○を変更。▲▲⇒■■,D999997,71,"2018/02/15 10:51:47"
1178,○○を変更。▲▲⇒■■,D999999,125,"2018/02/15 23:02:51"
1179,○○を変更。▲▲⇒■■,D999998,139,"2018/02/16 10:21:40"
1180,○○を変更。▲▲⇒■■,D999999,11,"2018/02/17 03:22:39"
1181,○○を変更。▲▲⇒■■,D999999,77,"2018/02/17 07:18:40"
1182,○○を変更。▲▲⇒■■,D999998,34,"2018/02/17 16:41:15"
1183,新規登録,D999998,76,"2018/02/17 19:41:50"
1184,リリース許可,D999994,76,"2018/02/17 19:41:50"
1185,○○を変更。▲▲⇒■■,D999999,63,"2018/02/18 07:45:54"
1186,○○を変更。▲▲⇒■■,D999999,46,"2018/02/19 11:44:37"
1187,○○を変更。▲▲⇒■■,D999999,13,"2018/02/21 12:29:45"
1188,○○を変更。▲▲⇒■■,D999998,18,"2018/02/23 19:52:08"
1189,○○を変更。▲▲⇒■■,D999999,149,"2018/02/24 02:25:49"
1190,○○を変更。▲▲⇒■■,D999997,137,"2018/02/24 17:12:21"
1191,○○を変更。▲▲⇒■■,D999998,56,"2018/02/24 19:02:19"
1192,○○を変更。▲▲⇒■■,D999999,35,"2018/02/25 03:10:03"
1193,○○を変更。▲▲⇒■■,D999997,63,"2018/02/25 05:08:10"
1194,○○を変更。▲▲⇒■■,D999999,124,"2018/02/25 07:06:51"
1195,○○を変更。▲▲⇒■■,D999999,130,"2018/02/25 08:22:38"
1196,○○を変更。▲▲⇒■■,D999998,73,"2018/02/25 19:07:06"
1197,○○を変更。▲▲⇒■■,D999999,134,"2018/02/26 15:03:42"
1198,○○を変更。▲▲⇒■■,D999998,33,"2018/02/28 08:35:43"
1199,○○を変更。▲▲⇒■■,D999997,76,"2018/02/28 17:46:20"
1200,○○を変更。▲▲⇒■■,D999998,63,"2018/03/01 11:15:30"
1201,○○を変更。▲▲⇒■■,D999998,109,"2018/03/01 17:02:24"
1202,○○を変更。▲▲⇒■■,D999997,46,"2018/03/02 12:04:56"
1203,撤去完了確認,D999996,5,"2018/03/02 14:59:34"
1204,○○を変更。▲▲⇒■■,D999997,127,"2018/03/03 01:22:18"
1205,○○を変更。▲▲⇒■■,D999997,139,"2018/03/03 13:39:53"
1206,○○を変更。▲▲⇒■■,D999997,89,"2018/03/04 15:44:14"
1207,○○を変更。▲▲⇒■■,D999999,125,"2018/03/05 11:51:31"
1208,○○を変更。▲▲⇒■■,D999998,68,"2018/03/06 00:05:45"
1209,○○を変更。▲▲⇒■■,D999998,125,"2018/03/08 08:15:30"
1210,○○を変更。▲▲⇒■■,D999998,37,"2018/03/09 13:48:58"
1211,新規登録,D999998,154,"2018/03/11 11:34:30"
1212,リリース許可,D999995,154,"2018/03/11 11:34:30"
1213,○○を変更。▲▲⇒■■,D999997,148,"2018/03/13 03:59:31"
1214,○○を変更。▲▲⇒■■,D999997,82,"2018/03/13 07:15:50"
1215,○○を変更。▲▲⇒■■,D999997,1,"2018/03/13 22:26:15"
1216,○○を変更。▲▲⇒■■,D999998,158,"2018/03/14 01:28:26"
1217,○○を変更。▲▲⇒■■,D999997,51,"2018/03/15 03:09:21"
1218,○○を変更。▲▲⇒■■,D999997,13,"2018/03/16 22:15:58"
1219,○○を変更。▲▲⇒■■,D999997,25,"2018/03/17 12:34:05"
1220,○○を変更。▲▲⇒■■,D999998,121,"2018/03/18 12:22:06"
1221,○○を変更。▲▲⇒■■,D999999,23,"2018/03/18 14:55:20"
1222,○○を変更。▲▲⇒■■,D999999,46,"2018/03/18 16:15:36"
1223,○○を変更。▲▲⇒■■,D999999,73,"2018/03/19 15:41:03"
1224,○○を変更。▲▲⇒■■,D999998,20,"2018/03/20 20:46:32"
1225,○○を変更。▲▲⇒■■,D999999,25,"2018/03/21 21:57:02"
1226,○○を変更。▲▲⇒■■,D999999,66,"2018/03/23 20:24:03"
1227,新規登録,D999997,159,"2018/03/25 20:25:49"
1228,リリース許可,D999994,159,"2018/03/25 20:25:49"
1229,○○を変更。▲▲⇒■■,D999999,94,"2018/03/26 08:10:24"
1230,○○を変更。▲▲⇒■■,D999997,25,"2018/03/27 09:14:49"
1231,○○を変更。▲▲⇒■■,D999999,56,"2018/03/28 03:58:46"
1232,○○を変更。▲▲⇒■■,D999997,108,"2018/03/28 09:03:22"
1233,○○を変更。▲▲⇒■■,D999997,48,"2018/03/29 07:02:53"
1234,○○を変更。▲▲⇒■■,D999998,50,"2018/03/29 22:46:48"
1235,○○を変更。▲▲⇒■■,D999998,41,"2018/03/30 02:47:59"
1236,○○を変更。▲▲⇒■■,D999999,76,"2018/03/31 00:00:48"
1237,○○を変更。▲▲⇒■■,D999997,128,"2018/04/01 21:47:21"
1238,○○を変更。▲▲⇒■■,D999997,76,"2018/04/02 19:13:26"
1239,○○を変更。▲▲⇒■■,D999999,58,"2018/04/03 10:30:09"
1240,○○を変更。▲▲⇒■■,D999998,8,"2018/04/04 02:18:16"
1241,○○を変更。▲▲⇒■■,D999999,134,"2018/04/04 18:22:02"
1242,○○を変更。▲▲⇒■■,D999997,108,"2018/04/04 19:05:16"
1243,○○を変更。▲▲⇒■■,D999998,15,"2018/04/05 12:10:07"
1244,○○を変更。▲▲⇒■■,D999999,124,"2018/04/06 05:00:16"
1245,○○を変更。▲▲⇒■■,D999998,91,"2018/04/06 22:26:52"
1246,○○を変更。▲▲⇒■■,D999998,146,"2018/04/09 16:39:14"
1247,○○を変更。▲▲⇒■■,D999998,56,"2018/04/10 11:07:36"
1248,○○を変更。▲▲⇒■■,D999999,82,"2018/04/10 11:29:17"
1249,○○を変更。▲▲⇒■■,D999999,7,"2018/04/10 13:12:47"
1250,○○を変更。▲▲⇒■■,D999999,25,"2018/04/12 05:07:16"
1251,○○を変更。▲▲⇒■■,D999999,51,"2018/04/12 05:22:18"
1252,○○を変更。▲▲⇒■■,D999998,158,"2018/04/13 06:44:19"
1253,○○を変更。▲▲⇒■■,D999999,92,"2018/04/14 16:16:51"
1254,○○を変更。▲▲⇒■■,D999998,134,"2018/04/14 23:08:48"
1255,○○を変更。▲▲⇒■■,D999999,80,"2018/04/15 02:02:03"
1256,○○を変更。▲▲⇒■■,D999998,125,"2018/04/15 17:00:59"
1257,○○を変更。▲▲⇒■■,D999999,34,"2018/04/16 07:37:47"
1258,○○を変更。▲▲⇒■■,D999997,25,"2018/04/17 00:06:13"
1259,○○を変更。▲▲⇒■■,D999998,121,"2018/04/17 03:27:38"
1260,○○を変更。▲▲⇒■■,D999997,34,"2018/04/17 10:43:30"
1261,○○を変更。▲▲⇒■■,D999999,25,"2018/04/17 14:04:39"
1262,○○を変更。▲▲⇒■■,D999999,67,"2018/04/19 02:34:35"
1263,○○を変更。▲▲⇒■■,D999997,66,"2018/04/19 06:25:09"
1264,○○を変更。▲▲⇒■■,D999998,159,"2018/04/19 13:55:21"
1265,○○を変更。▲▲⇒■■,D999999,154,"2018/04/19 17:13:11"
1266,○○を変更。▲▲⇒■■,D999999,13,"2018/04/20 13:57:15"
1267,○○を変更。▲▲⇒■■,D999999,59,"2018/04/22 07:01:20"
1268,○○を変更。▲▲⇒■■,D999997,56,"2018/04/22 19:28:54"
1269,○○を変更。▲▲⇒■■,D999999,22,"2018/04/23 04:29:28"
1270,○○を変更。▲▲⇒■■,D999998,65,"2018/04/24 10:53:53"
1271,○○を変更。▲▲⇒■■,D999998,139,"2018/04/25 01:53:42"
1272,○○を変更。▲▲⇒■■,D999999,71,"2018/04/28 18:50:59"
1273,○○を変更。▲▲⇒■■,D999998,154,"2018/04/28 20:16:42"
1274,○○を変更。▲▲⇒■■,D999998,24,"2018/04/29 06:45:40"
1275,○○を変更。▲▲⇒■■,D999999,76,"2018/04/29 12:59:53"
1276,○○を変更。▲▲⇒■■,D999997,33,"2018/04/29 14:37:49"
1277,○○を変更。▲▲⇒■■,D999997,121,"2018/04/30 06:05:23"
1278,○○を変更。▲▲⇒■■,D999998,94,"2018/04/30 21:28:00"
1279,○○を変更。▲▲⇒■■,D999998,91,"2018/05/03 16:16:45"
1280,○○を変更。▲▲⇒■■,D999998,85,"2018/05/03 18:56:52"
1281,○○を変更。▲▲⇒■■,D999998,137,"2018/05/04 11:19:16"
1282,○○を変更。▲▲⇒■■,D999999,34,"2018/05/04 14:54:44"
1283,○○を変更。▲▲⇒■■,D999997,44,"2018/05/05 10:40:12"
1284,○○を変更。▲▲⇒■■,D999999,35,"2018/05/06 07:39:20"
1285,○○を変更。▲▲⇒■■,D999998,94,"2018/05/07 16:01:50"
1286,○○を変更。▲▲⇒■■,D999997,80,"2018/05/09 19:12:30"
1287,○○を変更。▲▲⇒■■,D999997,149,"2018/05/10 00:02:34"
1288,新規登録,D999999,157,"2018/05/10 12:25:56"
1289,リリース許可,D999995,157,"2018/05/10 12:25:56"
1290,○○を変更。▲▲⇒■■,D999997,14,"2018/05/10 18:45:18"
1291,○○を変更。▲▲⇒■■,D999999,121,"2018/05/10 18:52:19"
1292,○○を変更。▲▲⇒■■,D999999,56,"2018/05/12 05:49:56"
1293,○○を変更。▲▲⇒■■,D999997,149,"2018/05/12 06:25:22"
1294,○○を変更。▲▲⇒■■,D999998,159,"2018/05/12 23:28:13"
1295,○○を変更。▲▲⇒■■,D999997,37,"2018/05/14 06:34:31"
1296,新規登録,D999999,32,"2018/05/14 21:02:57"
1297,リリース許可,D999994,32,"2018/05/14 21:02:57"
1298,○○を変更。▲▲⇒■■,D999997,94,"2018/05/14 21:33:08"
1299,○○を変更。▲▲⇒■■,D999998,61,"2018/05/15 19:27:33"
1300,○○を変更。▲▲⇒■■,D999998,1,"2018/05/16 11:29:08"
1301,○○を変更。▲▲⇒■■,D999999,24,"2018/05/17 18:30:12"
1302,○○を変更。▲▲⇒■■,D999999,157,"2018/05/18 13:00:58"
1303,○○を変更。▲▲⇒■■,D999997,73,"2018/05/18 13:18:48"
1304,○○を変更。▲▲⇒■■,D999999,76,"2018/05/18 19:04:42"
1305,○○を変更。▲▲⇒■■,D999998,56,"2018/05/19 04:39:32"
1306,○○を変更。▲▲⇒■■,D999997,149,"2018/05/19 06:42:52"
1307,○○を変更。▲▲⇒■■,D999999,134,"2018/05/19 09:27:13"
1308,○○を変更。▲▲⇒■■,D999999,1,"2018/05/22 09:47:39"
1309,○○を変更。▲▲⇒■■,D999997,113,"2018/05/23 14:59:30"
1310,○○を変更。▲▲⇒■■,D999999,37,"2018/05/25 13:19:02"
1311,○○を変更。▲▲⇒■■,D999998,149,"2018/05/26 03:39:48"
1312,○○を変更。▲▲⇒■■,D999999,68,"2018/05/26 06:38:27"
1313,○○を変更。▲▲⇒■■,D999999,137,"2018/05/26 21:40:15"
1314,○○を変更。▲▲⇒■■,D999997,41,"2018/05/27 18:27:48"
1315,新規登録,D999997,52,"2018/05/27 21:16:30"
1316,リリース許可,D999996,52,"2018/05/27 21:16:30"
1317,○○を変更。▲▲⇒■■,D999998,157,"2018/05/29 08:14:29"
1318,○○を変更。▲▲⇒■■,D999999,44,"2018/05/29 14:08:25"
1319,○○を変更。▲▲⇒■■,D999999,34,"2018/05/30 03:02:14"
1320,新規登録,D999998,122,"2018/05/30 11:06:41"
1321,○○を変更。▲▲⇒■■,D999997,89,"2018/05/31 04:20:18"
1322,○○を変更。▲▲⇒■■,D999998,54,"2018/05/31 14:35:13"
1323,○○を変更。▲▲⇒■■,D999999,35,"2018/05/31 22:07:46"
1324,○○を変更。▲▲⇒■■,D999999,134,"2018/06/01 10:28:38"
1325,○○を変更。▲▲⇒■■,D999998,24,"2018/06/01 14:10:28"
1326,○○を変更。▲▲⇒■■,D999998,61,"2018/06/02 00:12:12"
1327,○○を変更。▲▲⇒■■,D999997,46,"2018/06/02 00:43:44"
1328,○○を変更。▲▲⇒■■,D999998,63,"2018/06/02 12:33:59"
1329,○○を変更。▲▲⇒■■,D999998,1,"2018/06/03 01:39:24"
1330,○○を変更。▲▲⇒■■,D999999,29,"2018/06/04 02:30:24"
1331,○○を変更。▲▲⇒■■,D999999,124,"2018/06/04 09:25:01"
1332,○○を変更。▲▲⇒■■,D999997,54,"2018/06/04 11:37:01"
1333,○○を変更。▲▲⇒■■,D999997,157,"2018/06/04 16:18:55"
1334,○○を変更。▲▲⇒■■,D999997,149,"2018/06/04 17:25:17"
1335,○○を変更。▲▲⇒■■,D999998,80,"2018/06/05 05:14:24"
1336,新規登録,D999998,21,"2018/06/05 12:27:48"
1337,リリース許可,D999995,21,"2018/06/05 12:27:48"
1338,○○を変更。▲▲⇒■■,D999998,137,"2018/06/07 03:56:07"
1339,○○を変更。▲▲⇒■■,D999997,126,"2018/06/07 05:27:07"
1340,○○を変更。▲▲⇒■■,D999999,132,"2018/06/07 19:21:42"
1341,○○を変更。▲▲⇒■■,D999999,25,"2018/06/09 06:36:19"
1342,○○を変更。▲▲⇒■■,D999999,82,"2018/06/11 07:28:45"
1343,○○を変更。▲▲⇒■■,D999998,21,"2018/06/11 10:37:20"
1344,○○を変更。▲▲⇒■■,D999999,125,"2018/06/12 19:41:17"
1345,○○を変更。▲▲⇒■■,D999997,116,"2018/06/13 01:48:22"
1346,○○を変更。▲▲⇒■■,D999998,76,"2018/06/13 03:17:32"
1347,○○を変更。▲▲⇒■■,D999999,37,"2018/06/13 14:51:03"
1348,○○を変更。▲▲⇒■■,D999999,124,"2018/06/13 16:43:14"
1349,○○を変更。▲▲⇒■■,D999998,134,"2018/06/15 15:27:50"
1350,○○を変更。▲▲⇒■■,D999997,34,"2018/06/15 16:39:09"
1351,○○を変更。▲▲⇒■■,D999997,76,"2018/06/17 21:58:48"
1352,○○を変更。▲▲⇒■■,D999997,71,"2018/06/18 19:24:50"
1353,○○を変更。▲▲⇒■■,D999998,44,"2018/06/21 10:08:58"
1354,○○を変更。▲▲⇒■■,D999999,158,"2018/06/22 01:32:11"
1355,○○を変更。▲▲⇒■■,D999999,44,"2018/06/22 07:14:19"
1356,○○を変更。▲▲⇒■■,D999998,46,"2018/06/22 20:14:12"
1357,○○を変更。▲▲⇒■■,D999999,66,"2018/06/24 03:07:52"
1358,○○を変更。▲▲⇒■■,D999999,35,"2018/06/25 01:48:39"
1359,○○を変更。▲▲⇒■■,D999999,157,"2018/06/25 20:16:06"
1360,○○を変更。▲▲⇒■■,D999998,154,"2018/06/26 13:10:31"
1361,○○を変更。▲▲⇒■■,D999999,56,"2018/06/26 13:36:53"
1362,○○を変更。▲▲⇒■■,D999997,156,"2018/06/27 01:36:51"
1363,○○を変更。▲▲⇒■■,D999997,44,"2018/06/27 02:12:38"
1364,○○を変更。▲▲⇒■■,D999997,156,"2018/06/29 21:39:29"
1365,○○を変更。▲▲⇒■■,D999999,85,"2018/06/30 16:27:43"
1366,○○を変更。▲▲⇒■■,D999999,158,"2018/07/01 10:25:23"
1367,○○を変更。▲▲⇒■■,D999998,46,"2018/07/02 01:37:19"
1368,○○を変更。▲▲⇒■■,D999997,68,"2018/07/02 07:47:08"
1369,新規登録,D999998,28,"2018/07/02 12:43:28"
1370,リリース許可,D999996,28,"2018/07/02 12:43:28"
1371,○○を変更。▲▲⇒■■,D999999,124,"2018/07/02 16:27:20"
1372,○○を変更。▲▲⇒■■,D999998,154,"2018/07/03 18:49:55"
1373,○○を変更。▲▲⇒■■,D999998,154,"2018/07/04 14:19:06"
1374,○○を変更。▲▲⇒■■,D999997,154,"2018/07/05 01:34:19"
1375,新規登録,D999998,160,"2018/07/05 03:02:15"
1376,リリース許可,D999994,160,"2018/07/05 03:02:15"
1377,○○を変更。▲▲⇒■■,D999999,52,"2018/07/05 20:58:39"
1378,○○を変更。▲▲⇒■■,D999999,142,"2018/07/06 03:10:10"
1379,○○を変更。▲▲⇒■■,D999997,12,"2018/07/06 04:07:02"
1380,○○を変更。▲▲⇒■■,D999998,35,"2018/07/06 17:21:58"
1381,○○を変更。▲▲⇒■■,D999999,28,"2018/07/07 14:04:40"
1382,○○を変更。▲▲⇒■■,D999997,33,"2018/07/09 10:16:30"
1383,○○を変更。▲▲⇒■■,D999999,58,"2018/07/09 15:28:14"
1384,○○を変更。▲▲⇒■■,D999999,28,"2018/07/10 15:04:03"
1385,○○を変更。▲▲⇒■■,D999997,7,"2018/07/10 17:40:07"
1386,○○を変更。▲▲⇒■■,D999998,111,"2018/07/10 23:30:12"
1387,○○を変更。▲▲⇒■■,D999998,81,"2018/07/12 02:53:14"
1388,○○を変更。▲▲⇒■■,D999998,119,"2018/07/12 04:38:13"
1389,○○を変更。▲▲⇒■■,D999997,76,"2018/07/12 11:54:34"
1390,○○を変更。▲▲⇒■■,D999997,71,"2018/07/12 18:48:58"
1391,○○を変更。▲▲⇒■■,D999999,28,"2018/07/12 22:00:39"
1392,○○を変更。▲▲⇒■■,D999997,35,"2018/07/14 14:49:52"
1393,○○を変更。▲▲⇒■■,D999999,52,"2018/07/15 13:58:38"
1394,○○を変更。▲▲⇒■■,D999999,154,"2018/07/15 19:03:38"
1395,○○を変更。▲▲⇒■■,D999998,56,"2018/07/16 08:57:54"
1396,○○を変更。▲▲⇒■■,D999997,28,"2018/07/17 06:44:54"
1397,○○を変更。▲▲⇒■■,D999997,112,"2018/07/17 18:31:33"
1398,○○を変更。▲▲⇒■■,D999998,37,"2018/07/17 22:15:55"
1399,○○を変更。▲▲⇒■■,D999997,1,"2018/07/18 13:11:08"
1400,○○を変更。▲▲⇒■■,D999997,119,"2018/07/19 09:52:14"
1401,○○を変更。▲▲⇒■■,D999998,28,"2018/07/20 01:58:06"
1402,○○を変更。▲▲⇒■■,D999998,35,"2018/07/21 01:39:07"
1403,○○を変更。▲▲⇒■■,D999998,37,"2018/07/21 16:37:56"
1404,○○を変更。▲▲⇒■■,D999999,125,"2018/07/22 17:51:38"
1405,○○を変更。▲▲⇒■■,D999999,24,"2018/07/23 11:36:14"
1406,○○を変更。▲▲⇒■■,D999998,148,"2018/07/23 21:45:51"
1407,○○を変更。▲▲⇒■■,D999999,33,"2018/07/24 21:20:21"
1408,○○を変更。▲▲⇒■■,D999998,33,"2018/07/24 22:26:16"
1409,○○を変更。▲▲⇒■■,D999998,43,"2018/07/26 12:55:47"
1410,○○を変更。▲▲⇒■■,D999997,157,"2018/07/27 00:47:02"
1411,○○を変更。▲▲⇒■■,D999999,52,"2018/07/27 02:40:46"
1412,○○を変更。▲▲⇒■■,D999998,44,"2018/07/27 02:44:59"
1413,○○を変更。▲▲⇒■■,D999998,28,"2018/07/27 09:59:58"
1414,○○を変更。▲▲⇒■■,D999998,1,"2018/07/28 04:04:27"
1415,○○を変更。▲▲⇒■■,D999998,124,"2018/07/31 00:01:40"
1416,○○を変更。▲▲⇒■■,D999999,154,"2018/07/31 01:38:03"
1417,○○を変更。▲▲⇒■■,D999997,128,"2018/08/01 14:36:40"
1418,○○を変更。▲▲⇒■■,D999997,108,"2018/08/04 13:33:00"
1419,○○を変更。▲▲⇒■■,D999997,154,"2018/08/04 19:15:20"
1420,○○を変更。▲▲⇒■■,D999997,159,"2018/08/05 07:21:45"
1421,○○を変更。▲▲⇒■■,D999999,33,"2018/08/05 18:48:17"
1422,○○を変更。▲▲⇒■■,D999998,139,"2018/08/06 05:37:32"
1423,○○を変更。▲▲⇒■■,D999997,68,"2018/08/08 00:25:55"
1424,○○を変更。▲▲⇒■■,D999998,35,"2018/08/08 10:44:21"
1425,○○を変更。▲▲⇒■■,D999998,121,"2018/08/09 21:29:01"
1426,○○を変更。▲▲⇒■■,D999997,71,"2018/08/10 06:32:54"
1427,○○を変更。▲▲⇒■■,D999999,21,"2018/08/10 10:27:36"
1428,新規登録,D999999,123,"2018/08/10 22:29:44"
1429,リリース許可,D999996,123,"2018/08/10 22:29:44"
1430,○○を変更。▲▲⇒■■,D999999,110,"2018/08/11 02:18:32"
1431,○○を変更。▲▲⇒■■,D999999,157,"2018/08/11 02:45:53"
1432,○○を変更。▲▲⇒■■,D999999,137,"2018/08/11 21:57:05"
1433,○○を変更。▲▲⇒■■,D999999,33,"2018/08/12 13:16:55"
1434,○○を変更。▲▲⇒■■,D999997,114,"2018/08/12 13:59:20"
1435,○○を変更。▲▲⇒■■,D999997,10,"2018/08/12 17:28:11"
1436,○○を変更。▲▲⇒■■,D999998,17,"2018/08/14 11:11:27"
1437,○○を変更。▲▲⇒■■,D999999,159,"2018/08/15 02:04:47"
1438,○○を変更。▲▲⇒■■,D999997,124,"2018/08/15 08:31:28"
1439,○○を変更。▲▲⇒■■,D999998,124,"2018/08/16 08:49:26"
1440,○○を変更。▲▲⇒■■,D999997,76,"2018/08/16 20:30:58"
1441,○○を変更。▲▲⇒■■,D999999,139,"2018/08/19 00:55:06"
1442,○○を変更。▲▲⇒■■,D999997,28,"2018/08/19 04:56:05"
1443,○○を変更。▲▲⇒■■,D999998,108,"2018/08/19 18:48:38"
1444,○○を変更。▲▲⇒■■,D999999,123,"2018/08/19 19:28:23"
1445,○○を変更。▲▲⇒■■,D999998,28,"2018/08/19 23:59:54"
1446,○○を変更。▲▲⇒■■,D999999,44,"2018/08/21 10:48:33"
1447,○○を変更。▲▲⇒■■,D999999,80,"2018/08/22 01:55:20"
1448,○○を変更。▲▲⇒■■,D999999,123,"2018/08/22 11:20:33"
1449,○○を変更。▲▲⇒■■,D999998,13,"2018/08/24 02:01:30"
1450,○○を変更。▲▲⇒■■,D999998,28,"2018/08/25 11:15:13"
1451,○○を変更。▲▲⇒■■,D999999,37,"2018/08/26 11:43:21"
1452,○○を変更。▲▲⇒■■,D999997,32,"2018/08/27 04:41:12"
1453,○○を変更。▲▲⇒■■,D999997,52,"2018/08/27 18:18:59"
1454,○○を変更。▲▲⇒■■,D999999,66,"2018/08/27 20:36:53"
1455,○○を変更。▲▲⇒■■,D999999,141,"2018/08/28 06:19:40"
1456,○○を変更。▲▲⇒■■,D999997,71,"2018/08/28 13:20:38"
1457,○○を変更。▲▲⇒■■,D999998,71,"2018/08/29 03:05:22"
1458,○○を変更。▲▲⇒■■,D999999,124,"2018/08/30 03:20:24"
1459,○○を変更。▲▲⇒■■,D999998,32,"2018/08/30 17:20:04"
1460,○○を変更。▲▲⇒■■,D999998,12,"2018/08/31 10:38:48"
1461,○○を変更。▲▲⇒■■,D999997,7,"2018/08/31 19:19:44"
1462,○○を変更。▲▲⇒■■,D999998,28,"2018/08/31 20:07:42"
1463,○○を変更。▲▲⇒■■,D999999,123,"2018/09/01 19:01:50"
1464,○○を変更。▲▲⇒■■,D999999,28,"2018/09/02 11:01:01"
1465,○○を変更。▲▲⇒■■,D999998,125,"2018/09/02 16:09:17"
1466,○○を変更。▲▲⇒■■,D999998,159,"2018/09/02 20:43:22"
1467,○○を変更。▲▲⇒■■,D999999,123,"2018/09/02 20:49:40"
1468,○○を変更。▲▲⇒■■,D999998,65,"2018/09/03 03:04:46"
1469,○○を変更。▲▲⇒■■,D999997,134,"2018/09/03 12:07:03"
1470,○○を変更。▲▲⇒■■,D999998,37,"2018/09/03 12:41:15"
1471,○○を変更。▲▲⇒■■,D999998,82,"2018/09/04 01:38:59"
1472,○○を変更。▲▲⇒■■,D999999,137,"2018/09/04 02:23:58"
1473,○○を変更。▲▲⇒■■,D999999,121,"2018/09/04 04:34:05"
1474,○○を変更。▲▲⇒■■,D999999,106,"2018/09/04 16:33:55"
1475,○○を変更。▲▲⇒■■,D999999,32,"2018/09/04 16:42:51"
1476,○○を変更。▲▲⇒■■,D999997,137,"2018/09/05 05:53:53"
1477,○○を変更。▲▲⇒■■,D999999,123,"2018/09/05 14:22:35"
1478,○○を変更。▲▲⇒■■,D999998,123,"2018/09/06 09:17:09"
1479,○○を変更。▲▲⇒■■,D999998,28,"2018/09/06 09:55:18"
1480,○○を変更。▲▲⇒■■,D999997,76,"2018/09/07 09:35:18"
1481,○○を変更。▲▲⇒■■,D999999,87,"2018/09/08 08:18:15"
1482,○○を変更。▲▲⇒■■,D999997,1,"2018/09/08 22:47:06"
1483,○○を変更。▲▲⇒■■,D999998,123,"2018/09/09 10:15:43"
1484,○○を変更。▲▲⇒■■,D999997,37,"2018/09/09 16:11:57"
1485,○○を変更。▲▲⇒■■,D999998,110,"2018/09/09 16:33:27"
1486,○○を変更。▲▲⇒■■,D999998,123,"2018/09/10 00:27:48"
1487,○○を変更。▲▲⇒■■,D999999,159,"2018/09/10 11:19:25"
1488,○○を変更。▲▲⇒■■,D999999,12,"2018/09/10 11:56:02"
1489,○○を変更。▲▲⇒■■,D999997,28,"2018/09/11 02:02:15"
1490,○○を変更。▲▲⇒■■,D999997,131,"2018/09/11 07:06:53"
1491,○○を変更。▲▲⇒■■,D999998,129,"2018/09/11 21:06:35"
1492,○○を変更。▲▲⇒■■,D999998,28,"2018/09/12 19:13:49"
1493,○○を変更。▲▲⇒■■,D999999,123,"2018/09/13 00:36:46"
1494,○○を変更。▲▲⇒■■,D999998,123,"2018/09/13 03:13:04"
1495,○○を変更。▲▲⇒■■,D999997,157,"2018/09/13 06:50:23"
1496,新規登録,D999999,79,"2018/09/13 08:07:23"
1497,○○を変更。▲▲⇒■■,D999997,137,"2018/09/13 13:28:23"
1498,○○を変更。▲▲⇒■■,D999997,35,"2018/09/15 03:59:58"
1499,○○を変更。▲▲⇒■■,D999997,123,"2018/09/15 09:53:13"
1500,○○を変更。▲▲⇒■■,D999998,108,"2018/09/15 11:31:53"
1501,○○を変更。▲▲⇒■■,D999999,33,"2018/09/15 15:32:08"
1502,○○を変更。▲▲⇒■■,D999999,33,"2018/09/16 08:43:59"
1503,○○を変更。▲▲⇒■■,D999997,28,"2018/09/16 21:47:30"
1504,○○を変更。▲▲⇒■■,D999999,22,"2018/09/17 03:28:05"
1505,○○を変更。▲▲⇒■■,D999997,65,"2018/09/17 04:02:18"
1506,○○を変更。▲▲⇒■■,D999999,123,"2018/09/17 11:25:04"
1507,○○を変更。▲▲⇒■■,D999999,52,"2018/09/17 14:36:31"
1508,○○を変更。▲▲⇒■■,D999998,124,"2018/09/19 17:44:20"
1509,○○を変更。▲▲⇒■■,D999998,28,"2018/09/19 23:07:59"
1510,○○を変更。▲▲⇒■■,D999999,123,"2018/09/20 15:58:21"
1511,○○を変更。▲▲⇒■■,D999999,71,"2018/09/21 04:26:06"
1512,○○を変更。▲▲⇒■■,D999999,146,"2018/09/24 23:26:31"
1513,○○を変更。▲▲⇒■■,D999998,28,"2018/09/26 04:50:57"
1514,○○を変更。▲▲⇒■■,D999998,28,"2018/09/26 14:51:38"
1515,○○を変更。▲▲⇒■■,D999999,154,"2018/09/26 16:42:10"
1516,○○を変更。▲▲⇒■■,D999997,53,"2018/09/27 16:45:09"
1517,○○を変更。▲▲⇒■■,D999998,129,"2018/09/28 01:00:14"
1518,○○を変更。▲▲⇒■■,D999999,56,"2018/09/28 07:51:13"
1519,○○を変更。▲▲⇒■■,D999998,101,"2018/09/28 16:51:23"
1520,○○を変更。▲▲⇒■■,D999999,154,"2018/09/28 21:34:16"
1521,○○を変更。▲▲⇒■■,D999999,69,"2018/09/29 12:38:40"
1522,新規登録,D999998,27,"2018/09/29 16:00:24"
1523,リリース許可,D999994,27,"2018/09/29 16:00:24"
1524,○○を変更。▲▲⇒■■,D999998,27,"2018/10/01 05:25:18"
1525,○○を変更。▲▲⇒■■,D999997,27,"2018/10/02 17:57:26"
1526,○○を変更。▲▲⇒■■,D999998,128,"2018/10/02 22:21:14"
1527,○○を変更。▲▲⇒■■,D999999,61,"2018/10/02 22:52:50"
1528,○○を変更。▲▲⇒■■,D999997,27,"2018/10/03 12:50:06"
1529,○○を変更。▲▲⇒■■,D999999,27,"2018/10/04 04:14:17"
1530,○○を変更。▲▲⇒■■,D999998,28,"2018/10/04 06:10:19"
1531,○○を変更。▲▲⇒■■,D999998,154,"2018/10/04 09:31:53"
1532,○○を変更。▲▲⇒■■,D999999,48,"2018/10/05 07:03:15"
1533,○○を変更。▲▲⇒■■,D999998,32,"2018/10/06 12:06:25"
1534,○○を変更。▲▲⇒■■,D999998,157,"2018/10/06 14:15:58"
1535,○○を変更。▲▲⇒■■,D999997,51,"2018/10/06 17:06:26"
1536,○○を変更。▲▲⇒■■,D999998,27,"2018/10/07 07:57:00"
1537,○○を変更。▲▲⇒■■,D999999,159,"2018/10/08 21:48:46"
1538,○○を変更。▲▲⇒■■,D999998,56,"2018/10/08 21:58:33"
1539,○○を変更。▲▲⇒■■,D999997,157,"2018/10/10 03:38:30"
1540,○○を変更。▲▲⇒■■,D999999,137,"2018/10/10 14:53:27"
1541,○○を変更。▲▲⇒■■,D999999,32,"2018/10/11 06:19:43"
1542,○○を変更。▲▲⇒■■,D999997,59,"2018/10/11 08:16:02"
1543,新規登録,D999999,136,"2018/10/11 10:55:23"
1544,リリース許可,D999996,136,"2018/10/11 10:55:23"
1545,○○を変更。▲▲⇒■■,D999999,139,"2018/10/11 12:15:53"
1546,○○を変更。▲▲⇒■■,D999997,106,"2018/10/11 18:58:56"
1547,○○を変更。▲▲⇒■■,D999997,136,"2018/10/11 19:03:58"
1548,○○を変更。▲▲⇒■■,D999999,136,"2018/10/11 21:26:48"
1549,○○を変更。▲▲⇒■■,D999999,124,"2018/10/12 11:32:33"
1550,○○を変更。▲▲⇒■■,D999999,21,"2018/10/12 16:13:05"
1551,○○を変更。▲▲⇒■■,D999997,52,"2018/10/13 15:02:21"
1552,○○を変更。▲▲⇒■■,D999998,11,"2018/10/14 03:34:46"
1553,○○を変更。▲▲⇒■■,D999999,40,"2018/10/14 04:54:23"
1554,○○を変更。▲▲⇒■■,D999999,27,"2018/10/14 08:02:41"
1555,○○を変更。▲▲⇒■■,D999997,37,"2018/10/14 13:40:20"
1556,新規登録,D999997,19,"2018/10/15 17:16:39"
1557,リリース許可,D999995,19,"2018/10/15 17:16:39"
1558,○○を変更。▲▲⇒■■,D999998,27,"2018/10/15 20:25:35"
1559,○○を変更。▲▲⇒■■,D999998,137,"2018/10/16 01:20:03"
1560,○○を変更。▲▲⇒■■,D999997,134,"2018/10/16 01:54:56"
1561,○○を変更。▲▲⇒■■,D999999,154,"2018/10/16 05:23:35"
1562,○○を変更。▲▲⇒■■,D999999,136,"2018/10/16 11:41:31"
1563,○○を変更。▲▲⇒■■,D999998,19,"2018/10/16 18:40:07"
1564,○○を変更。▲▲⇒■■,D999998,136,"2018/10/16 21:10:53"
1565,○○を変更。▲▲⇒■■,D999999,24,"2018/10/17 08:10:38"
1566,○○を変更。▲▲⇒■■,D999999,19,"2018/10/17 22:04:40"
1567,○○を変更。▲▲⇒■■,D999999,136,"2018/10/18 03:29:23"
1568,○○を変更。▲▲⇒■■,D999999,123,"2018/10/18 06:53:01"
1569,○○を変更。▲▲⇒■■,D999999,136,"2018/10/18 17:47:18"
1570,○○を変更。▲▲⇒■■,D999999,124,"2018/10/18 18:52:37"
1571,○○を変更。▲▲⇒■■,D999997,82,"2018/10/19 03:17:36"
1572,○○を変更。▲▲⇒■■,D999999,123,"2018/10/19 03:19:13"
1573,○○を変更。▲▲⇒■■,D999997,158,"2018/10/19 09:03:48"
1574,○○を変更。▲▲⇒■■,D999997,76,"2018/10/19 13:26:48"
1575,○○を変更。▲▲⇒■■,D999997,125,"2018/10/20 00:14:29"
1576,○○を変更。▲▲⇒■■,D999999,136,"2018/10/20 02:27:00"
1577,○○を変更。▲▲⇒■■,D999997,27,"2018/10/20 03:38:36"
1578,○○を変更。▲▲⇒■■,D999998,19,"2018/10/20 06:16:48"
1579,○○を変更。▲▲⇒■■,D999998,123,"2018/10/20 11:14:54"
1580,○○を変更。▲▲⇒■■,D999998,123,"2018/10/20 11:46:10"
1581,○○を変更。▲▲⇒■■,D999998,27,"2018/10/20 16:21:50"
1582,○○を変更。▲▲⇒■■,D999997,50,"2018/10/21 03:27:08"
1583,○○を変更。▲▲⇒■■,D999997,28,"2018/10/21 06:29:43"
1584,○○を変更。▲▲⇒■■,D999999,76,"2018/10/21 14:49:07"
1585,○○を変更。▲▲⇒■■,D999998,136,"2018/10/21 17:38:57"
1586,○○を変更。▲▲⇒■■,D999998,50,"2018/10/22 00:15:07"
1587,○○を変更。▲▲⇒■■,D999998,136,"2018/10/22 01:04:01"
1588,○○を変更。▲▲⇒■■,D999997,152,"2018/10/23 04:35:24"
1589,○○を変更。▲▲⇒■■,D999998,7,"2018/10/23 06:32:15"
1590,○○を変更。▲▲⇒■■,D999999,154,"2018/10/23 10:49:41"
1591,○○を変更。▲▲⇒■■,D999997,1,"2018/10/24 05:22:59"
1592,○○を変更。▲▲⇒■■,D999998,52,"2018/10/24 21:43:09"
1593,○○を変更。▲▲⇒■■,D999997,136,"2018/10/25 03:33:41"
1594,○○を変更。▲▲⇒■■,D999997,104,"2018/10/25 05:41:18"
1595,○○を変更。▲▲⇒■■,D999999,76,"2018/10/25 11:11:25"
1596,○○を変更。▲▲⇒■■,D999997,154,"2018/10/25 18:44:25"
1597,○○を変更。▲▲⇒■■,D999999,136,"2018/10/25 20:29:09"
1598,○○を変更。▲▲⇒■■,D999999,136,"2018/10/25 20:48:12"
1599,○○を変更。▲▲⇒■■,D999999,149,"2018/10/26 03:51:05"
1600,○○を変更。▲▲⇒■■,D999997,123,"2018/10/26 08:49:08"
1601,○○を変更。▲▲⇒■■,D999998,136,"2018/10/26 12:54:50"
1602,○○を変更。▲▲⇒■■,D999997,108,"2018/10/27 02:00:08"
1603,○○を変更。▲▲⇒■■,D999997,121,"2018/10/27 18:16:54"
1604,○○を変更。▲▲⇒■■,D999999,27,"2018/10/27 22:14:39"
1605,○○を変更。▲▲⇒■■,D999999,110,"2018/10/28 04:20:31"
1606,○○を変更。▲▲⇒■■,D999997,136,"2018/10/28 11:34:54"
1607,○○を変更。▲▲⇒■■,D999998,19,"2018/10/28 13:40:32"
1608,○○を変更。▲▲⇒■■,D999998,59,"2018/10/29 04:47:13"
1609,○○を変更。▲▲⇒■■,D999999,27,"2018/10/29 05:00:07"
1610,○○を変更。▲▲⇒■■,D999997,19,"2018/10/29 14:40:49"
1611,○○を変更。▲▲⇒■■,D999998,19,"2018/10/29 16:23:09"
