"çÏã∆ê\êøèëID",ê›îıID
1,1
2,2
3,3
4,4
5,5
6,6
7,7
8,8
9,9
10,10
11,11
12,12
13,13
14,15
15,17
16,18
17,19
18,20
19,21
20,22
21,24
22,25
23,27
24,28
25,29
26,30
27,31
28,32
29,33
30,34
31,35
32,36
33,37
34,38
35,39
36,40
37,41
38,42
39,43
40,44
41,45
42,46
43,51
44,52
45,53
46,54
47,55
48,56
49,57
50,58
51,59
52,60
53,61
54,62
55,63
56,64
57,65
58,67
59,68
60,69
61,70
62,71
63,72
64,73
65,74
66,75
67,76
68,77
69,79
70,80
71,81
72,82
73,83
74,85
75,86
76,87
77,88
78,89
79,90
80,92
81,93
82,94
83,95
84,96
85,97
86,98
87,99
88,100
89,102
90,103
91,104
92,106
93,107
94,108
95,109
96,110
97,111
98,112
99,113
100,114
101,115
102,118
103,119
104,121
105,122
106,123
107,124
108,125
109,126
110,127
111,128
112,129
113,130
114,132
115,133
116,135
117,137
118,138
119,139
120,140
121,141
122,142
123,143
124,144
125,145
126,3
127,4
128,6
129,7
130,8
131,9
132,10
133,11
134,12
135,13
136,14
137,16
138,17
139,19
140,20
141,21
142,22
143,24
144,25
145,26
146,27
147,28
148,30
149,31
150,32
151,33
152,34
153,35
154,36
155,37
156,39
157,40
158,41
159,42
160,43
161,44
162,47
163,48
164,50
165,51
166,52
167,53
168,56
169,57
170,59
171,61
172,62
173,63
174,64
175,66
176,67
177,68
178,72
179,73
180,74
181,75
182,77
183,78
184,79
185,80
186,81
187,82
188,85
189,86
190,88
191,89
192,90
193,91
194,92
195,93
196,94
197,95
198,97
199,98
200,99
201,100
202,102
203,104
204,105
205,106
206,107
207,108
208,110
209,111
210,112
211,114
212,115
213,116
214,117
215,118
216,120
217,123
218,124
219,125
220,126
221,128
222,129
223,130
224,131
225,132
226,133
227,134
228,135
229,136
230,137
231,144
232,145
233,1
234,2
235,4
236,6
237,7
238,8
239,9
240,10
241,11
242,12
243,13
244,15
245,17
246,18
247,19
248,21
249,22
250,23
251,24
252,26
253,27
254,28
255,29
256,30
257,32
258,33
259,34
260,35
261,36
262,38
263,39
264,40
265,42
266,44
267,46
268,47
269,48
270,49
271,50
272,52
273,53
274,55
275,56
276,57
277,58
278,60
279,61
280,62
281,63
282,64
283,67
284,68
285,69
286,70
287,71
288,72
289,73
290,76
291,77
292,79
293,80
294,81
295,82
296,83
297,84
298,85
299,87
300,88
301,89
302,90
303,91
304,92
305,93
306,94
307,95
308,96
309,98
310,99
311,100
312,104
313,105
314,106
315,107
316,113
317,115
318,116
319,117
320,118
321,119
322,122
323,123
324,124
325,125
326,127
327,128
328,129
329,130
330,131
331,132
332,133
333,134
334,135
335,136
336,137
337,138
338,139
339,140
340,141
341,142
342,144
343,1
344,2
345,4
346,5
347,6
348,7
349,8
350,9
351,11
352,12
353,13
354,14
355,15
356,16
357,17
358,18
359,19
360,20
361,22
362,23
363,24
364,26
365,27
366,28
367,29
368,30
369,31
370,32
371,33
372,34
373,35
374,37
375,38
376,39
377,40
378,41
379,42
380,43
381,44
382,46
383,47
384,48
385,49
386,51
387,52
388,53
389,54
390,55
391,56
392,58
393,59
394,60
395,62
396,64
397,65
398,66
399,68
400,69
401,70
402,71
403,73
404,74
405,75
406,76
407,77
408,78
409,79
410,80
411,82
412,83
413,84
414,85
415,86
416,87
417,88
418,89
419,90
420,91
421,92
422,93
423,94
424,95
425,96
426,98
427,100
428,101
429,102
430,103
431,104
432,105
433,106
434,107
435,108
436,109
437,110
438,111
439,112
440,114
441,115
442,117
443,118
444,119
445,120
446,121
447,122
448,123
449,124
450,125
451,126
452,127
453,128
454,129
455,130
456,132
457,133
458,134
459,135
460,136
461,137
462,138
463,139
464,140
465,141
466,142
467,143
468,144
469,145
470,1
471,3
472,5
473,6
474,8
475,9
476,10
477,11
478,13
479,14
480,17
481,18
482,19
483,21
484,22
485,23
486,25
487,26
488,27
489,28
490,29
491,30
492,31
493,32
494,34
495,36
496,37
497,38
498,39
499,40
500,41
501,42
502,43
503,44
504,45
505,47
506,49
507,51
508,53
509,55
510,57
511,59
512,60
513,61
514,62
515,63
516,64
517,65
518,66
519,67
520,68
521,70
522,71
523,72
524,73
525,76
526,78
527,79
528,80
529,81
530,82
531,83
532,84
533,85
534,86
535,87
536,88
537,91
538,92
539,93
540,94
541,95
542,96
543,97
544,99
545,100
546,101
547,102
548,105
549,106
550,107
551,109
552,110
553,111
554,112
555,113
556,114
557,115
558,116
559,117
560,118
561,119
562,120
563,121
564,122
565,123
566,124
567,126
568,128
569,129
570,131
571,132
572,133
573,134
574,135
575,137
576,139
577,141
578,142
579,143
580,144
581,145
582,1
583,2
584,3
585,4
586,5
587,6
588,8
589,11
590,13
591,14
592,15
593,16
594,17
595,18
596,19
597,20
598,21
599,22
600,23
601,24
602,25
603,27
604,28
605,29
606,30
607,31
608,32
609,33
610,35
611,36
612,38
613,40
614,41
615,42
616,44
617,45
618,46
619,48
620,49
621,50
622,51
623,53
624,54
625,55
626,57
627,58
628,60
629,62
630,63
631,64
632,66
633,67
634,68
635,69
636,70
637,71
638,72
639,73
640,74
641,76
642,77
643,78
644,79
645,80
646,81
647,82
648,83
649,84
650,85
651,87
652,88
653,89
654,90
655,91
656,92
657,94
658,95
659,96
660,97
661,98
662,99
663,100
664,101
665,102
666,103
667,104
668,105
669,106
670,107
671,108
672,109
673,110
674,111
675,112
676,113
677,114
678,117
679,118
680,120
681,121
682,122
683,123
684,124
685,125
686,126
687,127
688,128
689,129
690,130
691,131
692,132
693,133
694,134
695,135
696,136
697,137
698,138
699,139
700,140
701,141
702,142
703,144
704,145
705,1
706,3
707,4
708,6
709,8
710,9
711,11
712,12
713,14
714,15
715,16
716,17
717,18
718,19
719,20
720,21
721,22
722,24
723,25
724,26
725,27
726,28
727,29
728,30
729,32
730,33
731,34
732,36
733,37
734,38
735,39
736,40
737,41
738,42
739,43
740,44
741,45
742,46
743,47
744,48
745,51
746,52
747,53
748,55
749,56
750,57
751,58
752,59
753,60
754,63
755,64
756,65
757,66
758,67
759,68
760,71
761,73
762,74
763,75
764,76
765,77
766,78
767,79
768,80
769,81
770,82
771,83
772,84
773,85
774,87
775,89
776,91
777,92
778,93
779,94
780,97
781,98
782,99
783,100
784,101
785,103
786,104
787,105
788,106
789,107
790,108
791,109
792,110
793,111
794,112
795,113
796,114
797,115
798,116
799,117
800,118
801,119
802,120
803,122
804,123
805,124
806,125
807,127
808,128
809,129
810,130
811,131
812,133
813,134
814,135
815,137
816,138
817,141
818,142
819,144
820,145
821,1
822,2
823,3
824,4
825,5
826,6
827,8
828,10
829,11
830,13
831,14
832,15
833,17
834,18
835,19
836,20
837,21
838,22
839,23
840,24
841,25
842,26
843,29
844,30
845,35
846,36
847,37
848,38
849,40
850,42
851,44
852,46
853,47
854,48
855,49
856,50
857,51
858,52
859,53
860,55
861,56
862,57
863,58
864,59
865,60
866,61
867,62
868,64
869,65
870,66
871,67
872,68
873,69
874,70
875,71
876,73
877,74
878,75
879,76
880,77
881,78
882,79
883,80
884,84
885,85
886,87
887,88
888,89
889,90
890,92
891,93
892,94
893,95
894,96
895,97
896,98
897,99
898,102
899,103
900,105
901,106
902,107
903,108
904,109
905,110
906,112
907,113
908,114
909,117
910,118
911,119
912,120
913,121
914,122
915,124
916,126
917,127
918,128
919,129
920,130
921,131
922,133
923,134
924,135
925,137
926,138
927,139
928,140
929,141
930,143
931,144
932,145
933,1
934,2
935,3
936,4
937,5
938,6
939,8
940,9
941,10
942,11
943,12
944,13
945,14
946,16
947,17
948,18
949,19
950,21
951,22
952,23
953,24
954,26
955,27
956,28
957,29
958,30
959,31
960,32
961,33
962,34
963,35
964,36
965,38
966,40
967,41
968,43
969,44
970,45
971,49
972,51
973,53
974,54
975,55
976,56
977,57
978,58
979,59
980,60
981,62
982,63
983,64
984,65
985,66
986,67
987,68
988,69
989,70
990,71
991,72
992,73
993,74
994,75
995,77
996,78
997,79
998,81
999,83
1000,84
1001,85
1002,86
1003,87
1004,88
1005,89
1006,90
1007,92
1008,93
1009,94
1010,95
1011,96
1012,97
1013,98
1014,99
1015,100
1016,101
1017,102
1018,103
1019,104
1020,106
1021,107
1022,108
1023,110
1024,111
1025,113
1026,114
1027,115
1028,116
1029,117
1030,118
1031,119
1032,120
1033,121
1034,122
1035,123
1036,125
1037,126
1038,127
1039,128
1040,131
1041,134
1042,135
1043,137
1044,138
1045,141
1046,142
1047,143
1048,144
1049,145
1050,2
1051,3
1052,4
1053,5
1054,6
1055,7
1056,9
1057,11
1058,12
1059,13
1060,14
1061,15
1062,16
1063,18
1064,19
1065,20
1066,21
1067,22
1068,23
1069,25
1070,27
1071,29
1072,30
1073,31
1074,32
1075,34
1076,35
1077,36
1078,37
1079,38
1080,39
1081,41
1082,42
1083,43
1084,45
1085,46
1086,47
1087,51
1088,52
1089,53
1090,54
1091,55
1092,56
1093,57
1094,58
1095,59
1096,61
1097,63
1098,64
1099,66
1100,67
1101,68
1102,70
1103,71
1104,72
1105,73
1106,74
1107,75
1108,78
1109,79
1110,80
1111,81
1112,82
1113,83
1114,84
1115,85
1116,86
1117,87
1118,88
1119,89
1120,90
1121,91
1122,93
1123,95
1124,96
1125,97
1126,98
1127,99
1128,100
1129,101
1130,102
1131,103
1132,104
1133,105
1134,106
1135,108
1136,109
1137,110
1138,111
1139,112
1140,113
1141,115
1142,116
1143,117
1144,118
1145,119
1146,120
1147,122
1148,123
1149,124
1150,125
1151,126
1152,127
1153,128
1154,130
1155,131
1156,133
1157,134
1158,135
1159,136
1160,137
1161,138
1162,139
1163,141
1164,142
1165,144
1166,145
1167,2
1168,3
1169,4
1170,5
1171,6
1172,8
1173,10
1174,11
1175,12
1176,13
1177,15
1178,16
1179,17
1180,18
1181,19
1182,20
1183,21
1184,22
1185,23
1186,24
1187,25
1188,26
1189,27
1190,29
1191,30
1192,31
1193,32
1194,33
1195,34
1196,35
1197,37
1198,39
1199,40
1200,41
1201,43
1202,44
1203,45
1204,46
1205,49
1206,50
1207,52
1208,56
1209,57
1210,59
1211,60
1212,61
1213,62
1214,63
1215,65
1216,66
1217,67
1218,68
1219,69
1220,70
1221,71
1222,72
1223,73
1224,74
1225,75
1226,76
1227,78
1228,79
1229,81
1230,82
1231,83
1232,85
1233,87
1234,89
1235,90
1236,93
1237,94
1238,95
1239,96
1240,97
1241,99
1242,100
1243,101
1244,102
1245,103
1246,104
1247,105
1248,107
1249,109
1250,110
1251,111
1252,113
1253,114
1254,115
1255,116
1256,117
1257,118
1258,119
1259,120
1260,121
1261,123
1262,124
1263,128
1264,130
1265,131
1266,132
1267,134
1268,135
1269,136
1270,137
1271,138
1272,139
1273,140
1274,141
1275,142
1276,143
1277,144
1278,145
1279,2
1280,4
1281,5
1282,7
1283,8
1284,9
1285,10
1286,11
1287,12
1288,14
1289,15
1290,16
1291,17
1292,19
1293,21
1294,23
1295,24
1296,25
1297,26
1298,27
1299,28
1300,29
1301,30
1302,31
1303,34
1304,35
1305,36
1306,39
1307,40
1308,41
1309,42
1310,43
1311,44
1312,45
1313,46
1314,47
1315,48
1316,49
1317,50
1318,51
1319,52
1320,53
1321,54
1322,56
1323,57
1324,58
1325,61
1326,63
1327,65
1328,69
1329,70
1330,71
1331,72
1332,73
1333,74
1334,75
1335,76
1336,79
1337,80
1338,82
1339,83
1340,84
1341,86
1342,87
1343,88
1344,89
1345,90
1346,91
1347,92
1348,93
1349,94
1350,95
1351,96
1352,97
1353,99
1354,100
1355,101
1356,102
1357,103
1358,104
1359,105
1360,106
1361,109
1362,110
1363,113
1364,114
1365,115
1366,116
1367,117
1368,118
1369,120
1370,121
1371,122
1372,123
1373,124
1374,125
1375,126
1376,127
1377,129
1378,130
1379,132
1380,133
1381,134
1382,135
1383,136
1384,137
1385,138
1386,139
1387,140
1388,141
1389,142
1390,143
1391,145
1392,1
1393,2
1394,3
1395,5
1396,6
1397,7
1398,8
1399,10
1400,11
1401,12
1402,13
1403,14
1404,15
1405,16
1406,17
1407,18
1408,19
1409,20
1410,21
1411,22
1412,24
1413,25
1414,26
1415,27
1416,28
1417,29
1418,31
1419,32
1420,33
1421,35
1422,36
1423,38
1424,39
1425,40
1426,41
1427,42
1428,43
1429,44
1430,45
1431,47
1432,48
1433,49
1434,50
1435,51
1436,52
1437,53
1438,54
1439,55
1440,56
1441,57
1442,58
1443,59
1444,60
1445,61
1446,62
1447,63
1448,64
1449,65
1450,66
1451,68
1452,69
1453,72
1454,73
1455,74
1456,75
1457,76
1458,78
1459,79
1460,80
1461,81
1462,82
1463,83
1464,84
1465,85
1466,86
1467,87
1468,88
1469,89
1470,90
1471,91
1472,93
1473,94
1474,96
1475,97
1476,98
1477,99
1478,101
1479,102
1480,104
1481,105
1482,106
1483,108
1484,110
1485,111
1486,112
1487,113
1488,114
1489,115
1490,116
1491,117
1492,118
1493,119
1494,121
1495,122
1496,123
1497,124
1498,125
1499,126
1500,127
1501,128
1502,129
1503,130
1504,131
1505,132
1506,134
1507,136
1508,137
1509,138
1510,139
1511,140
1512,141
1513,143
1514,144
1515,145
1516,1
1517,2
1518,3
1519,4
1520,5
1521,6
1522,7
1523,8
1524,10
1525,11
1526,12
1527,13
1528,14
1529,15
1530,16
1531,17
1532,18
1533,20
1534,22
1535,23
1536,24
1537,25
1538,26
1539,27
1540,28
1541,31
1542,32
1543,34
1544,35
1545,36
1546,37
1547,38
1548,39
1549,40
1550,41
1551,42
1552,43
1553,45
1554,47
1555,49
1556,50
1557,51
1558,53
1559,54
1560,55
1561,56
1562,58
1563,61
1564,62
1565,63
1566,64
1567,65
1568,66
1569,67
1570,68
1571,69
1572,70
1573,71
1574,73
1575,74
1576,76
1577,77
1578,78
1579,79
1580,80
1581,81
1582,82
1583,83
1584,84
1585,85
1586,86
1587,87
1588,88
1589,89
1590,90
1591,92
1592,93
1593,96
1594,97
1595,98
1596,99
1597,100
1598,101
1599,102
1600,103
1601,104
1602,106
1603,107
1604,108
1605,109
1606,110
1607,111
1608,114
1609,115
1610,116
1611,117
1612,118
1613,120
1614,121
1615,122
1616,123
1617,124
1618,125
1619,126
1620,127
1621,128
1622,130
1623,131
1624,132
1625,135
1626,136
1627,138
1628,139
1629,140
1630,141
1631,142
1632,143
1633,144
1634,145
1635,2
1636,4
1637,6
1638,7
1639,9
1640,10
1641,11
1642,13
1643,14
1644,15
1645,16
1646,18
1647,20
1648,23
1649,24
1650,26
1651,27
1652,28
1653,29
1654,31
1655,33
1656,34
1657,35
1658,36
1659,37
1660,38
1661,40
1662,41
1663,42
1664,43
1665,45
1666,46
1667,47
1668,48
1669,49
1670,50
1671,51
1672,52
1673,53
1674,54
1675,55
1676,57
1677,58
1678,59
1679,60
1680,62
1681,64
1682,65
1683,67
1684,68
1685,69
1686,70
1687,71
1688,72
1689,73
1690,74
1691,75
1692,76
1693,78
1694,80
1695,81
1696,82
1697,83
1698,84
1699,85
1700,86
1701,87
1702,88
1703,89
1704,91
1705,92
1706,94
1707,95
1708,97
1709,98
1710,99
1711,100
1712,101
1713,102
1714,103
1715,105
1716,106
1717,107
1718,108
1719,109
1720,110
1721,112
1722,113
1723,114
1724,115
1725,117
1726,118
1727,119
1728,120
1729,121
1730,122
1731,123
1732,124
1733,125
1734,126
1735,127
1736,128
1737,129
1738,130
1739,131
1740,132
1741,133
1742,134
1743,135
1744,136
1745,137
1746,138
1747,139
1748,140
1749,141
1750,142
1751,143
1752,144
1753,145
1754,1
1755,2
1756,3
1757,4
1758,5
1759,6
1760,7
1761,8
1762,11
1763,12
1764,13
1765,15
1766,16
1767,18
1768,20
1769,21
1770,22
1771,23
1772,24
1773,25
1774,26
1775,27
1776,28
1777,29
1778,30
1779,32
1780,33
1781,35
1782,36
1783,38
1784,39
1785,40
1786,41
1787,42
1788,43
1789,45
1790,47
1791,48
1792,49
1793,50
1794,51
1795,52
1796,53
1797,54
1798,55
1799,56
1800,57
1801,58
1802,59
1803,60
1804,62
1805,63
1806,64
1807,65
1808,66
1809,67
1810,68
1811,69
1812,70
1813,71
1814,72
1815,73
1816,74
1817,76
1818,77
1819,78
1820,80
1821,81
1822,82
1823,83
1824,84
1825,85
1826,86
1827,87
1828,89
1829,90
1830,91
1831,92
1832,93
1833,94
1834,95
1835,96
1836,98
1837,100
1838,101
1839,102
1840,103
1841,104
1842,105
1843,106
1844,107
1845,108
1846,109
1847,110
1848,113
1849,116
1850,119
1851,120
1852,121
1853,122
1854,123
1855,124
1856,125
1857,126
1858,127
1859,128
1860,129
1861,130
1862,131
1863,132
1864,134
1865,135
1866,136
1867,137
1868,138
1869,139
1870,140
1871,142
1872,143
1873,144
1874,145
1875,1
1876,2
1877,3
1878,4
1879,6
1880,8
1881,9
1882,10
1883,12
1884,15
1885,16
1886,18
1887,19
1888,20
1889,21
1890,22
1891,23
1892,24
1893,25
1894,27
1895,29
1896,31
1897,32
1898,33
1899,34
1900,35
1901,36
1902,37
1903,38
1904,39
1905,40
1906,41
1907,42
1908,43
1909,44
1910,45
1911,46
1912,48
1913,49
1914,50
1915,51
1916,54
1917,55
1918,58
1919,60
1920,62
1921,64
1922,65
1923,66
1924,67
1925,68
1926,69
1927,70
1928,72
1929,73
1930,74
1931,75
1932,76
1933,77
1934,78
1935,81
1936,82
1937,83
1938,84
1939,85
1940,86
1941,87
1942,89
1943,90
1944,91
1945,92
1946,94
1947,95
1948,96
1949,97
1950,98
1951,99
1952,100
1953,101
1954,103
1955,104
1956,105
1957,106
1958,107
1959,108
1960,110
1961,111
1962,112
1963,113
1964,114
1965,116
1966,117
1967,118
1968,119
1969,120
1970,121
1971,122
1972,123
1973,124
1974,126
1975,127
1976,128
1977,129
1978,130
1979,131
1980,132
1981,133
1982,134
1983,136
1984,137
1985,138
1986,139
1987,140
1988,143
1989,144
1990,145
1991,1
1992,2
1993,3
1994,4
1995,5
1996,6
1997,7
1998,8
1999,9
2000,10
2001,11
2002,12
2003,13
2004,15
2005,16
2006,19
2007,20
2008,21
2009,22
2010,23
2011,24
2012,25
2013,26
2014,29
2015,30
2016,33
2017,34
2018,35
2019,38
2020,39
2021,40
2022,41
2023,42
2024,44
2025,45
2026,46
2027,47
2028,48
2029,49
2030,50
2031,51
2032,52
2033,53
2034,54
2035,55
2036,56
2037,57
2038,61
2039,62
2040,64
2041,66
2042,67
2043,68
2044,69
2045,70
2046,71
2047,72
2048,73
2049,74
2050,75
2051,76
2052,77
2053,78
2054,79
2055,80
2056,81
2057,82
2058,83
2059,86
2060,90
2061,92
2062,93
2063,94
2064,95
2065,96
2066,97
2067,98
2068,99
2069,100
2070,101
2071,102
2072,103
2073,104
2074,105
2075,106
2076,108
2077,109
2078,110
2079,111
2080,113
2081,114
2082,115
2083,116
2084,117
2085,118
2086,120
2087,121
2088,122
2089,124
2090,127
2091,128
2092,129
2093,130
2094,131
2095,132
2096,133
2097,134
2098,136
2099,137
2100,138
2101,139
2102,140
2103,141
2104,142
2105,143
2106,144
2107,145
2108,1
2109,2
2110,4
2111,5
2112,6
2113,7
2114,10
2115,11
2116,12
2117,14
2118,17
2119,18
2120,19
2121,20
2122,21
2123,22
2124,23
2125,24
2126,25
2127,27
2128,29
2129,31
2130,32
2131,33
2132,34
2133,35
2134,37
2135,38
2136,39
2137,40
2138,42
2139,43
2140,44
2141,45
2142,46
2143,47
2144,48
2145,49
2146,50
2147,51
2148,52
2149,53
2150,54
2151,55
2152,56
2153,58
2154,60
2155,61
2156,62
2157,63
2158,64
2159,65
2160,66
2161,68
2162,69
2163,70
2164,71
2165,72
2166,73
2167,74
2168,75
2169,76
2170,77
2171,78
2172,80
2173,82
2174,84
2175,86
2176,90
2177,92
2178,93
2179,95
2180,96
2181,97
2182,99
2183,100
2184,101
2185,102
2186,103
2187,105
2188,106
2189,108
2190,109
2191,110
2192,111
2193,112
2194,113
2195,114
2196,115
2197,116
2198,117
2199,118
2200,120
2201,121
2202,122
2203,123
2204,125
2205,126
2206,127
2207,128
2208,129
2209,130
2210,131
2211,132
2212,133
2213,134
2214,135
2215,136
2216,137
2217,139
2218,140
2219,141
2220,142
2221,143
2222,144
2223,145
2224,1
2225,2
2226,3
2227,4
2228,5
2229,6
2230,7
2231,9
2232,10
2233,11
2234,12
2235,14
2236,15
2237,16
2238,17
2239,18
2240,19
2241,20
2242,22
2243,23
2244,24
2245,26
2246,27
2247,28
2248,29
2249,30
2250,31
2251,32
2252,33
2253,34
2254,37
2255,38
2256,39
2257,40
2258,42
2259,43
2260,44
2261,46
2262,47
2263,48
2264,50
2265,51
2266,52
2267,53
2268,54
2269,55
2270,56
2271,57
2272,58
2273,59
2274,60
2275,61
2276,62
2277,64
2278,65
2279,66
2280,67
2281,68
2282,69
2283,70
2284,71
2285,72
2286,73
2287,75
2288,76
2289,77
2290,78
2291,79
2292,80
2293,81
2294,82
2295,83
2296,84
2297,85
2298,86
2299,87
2300,88
2301,90
2302,91
2303,93
2304,94
2305,96
2306,99
2307,100
2308,101
2309,102
2310,103
2311,104
2312,105
2313,106
2314,107
2315,108
2316,110
2317,111
2318,112
2319,113
2320,114
2321,115
2322,116
2323,117
2324,118
2325,119
2326,121
2327,122
2328,123
2329,127
2330,129
2331,130
2332,131
2333,132
2334,133
2335,134
2336,135
2337,136
2338,137
2339,140
2340,141
2341,143
2342,144
2343,145
2344,1
2345,2
2346,3
2347,4
2348,5
2349,6
2350,7
2351,8
2352,9
2353,10
2354,11
2355,12
2356,13
2357,14
2358,15
2359,16
2360,17
2361,18
2362,19
2363,20
2364,21
2365,22
2366,23
2367,25
2368,26
2369,28
2370,29
2371,30
2372,32
2373,33
2374,34
2375,35
2376,36
2377,37
2378,39
2379,40
2380,41
2381,43
2382,44
2383,45
2384,46
2385,47
2386,48
2387,49
2388,50
2389,52
2390,53
2391,54
2392,55
2393,56
2394,57
2395,58
2396,59
2397,60
2398,61
2399,63
2400,64
2401,65
2402,66
2403,67
2404,68
2405,70
2406,71
2407,72
2408,73
2409,75
2410,76
2411,77
2412,80
2413,81
2414,83
2415,85
2416,86
2417,87
2418,88
2419,89
2420,91
2421,92
2422,93
2423,94
2424,95
2425,96
2426,98
2427,100
2428,101
2429,102
2430,103
2431,104
2432,106
2433,107
2434,108
2435,109
2436,110
2437,111
2438,112
2439,113
2440,115
2441,116
2442,117
2443,118
2444,120
2445,121
2446,122
2447,123
2448,124
2449,125
2450,126
2451,128
2452,130
2453,131
2454,132
2455,133
2456,134
2457,136
2458,139
2459,141
2460,142
2461,143
2462,144
2463,145
2464,1
2465,3
2466,4
2467,5
2468,6
2469,7
2470,8
2471,9
2472,11
2473,13
2474,14
2475,15
2476,17
2477,18
2478,20
2479,21
2480,22
2481,23
2482,24
2483,25
2484,26
2485,27
2486,29
2487,30
2488,31
2489,32
2490,33
2491,34
2492,35
2493,36
2494,37
2495,38
2496,39
2497,40
2498,41
2499,42
2500,43
2501,46
2502,47
2503,48
2504,49
2505,50
2506,51
2507,52
2508,53
2509,55
2510,56
2511,57
2512,58
2513,59
2514,60
2515,61
2516,63
2517,64
2518,65
2519,66
2520,68
2521,69
2522,70
2523,71
2524,72
2525,74
2526,75
2527,76
2528,77
2529,78
2530,80
2531,81
2532,82
2533,83
2534,84
2535,85
2536,86
2537,87
2538,90
2539,91
2540,92
2541,93
2542,94
2543,95
2544,97
2545,98
2546,100
2547,101
2548,102
2549,103
2550,106
2551,107
2552,108
2553,109
2554,112
2555,113
2556,115
2557,116
2558,117
2559,120
2560,121
2561,122
2562,124
2563,125
2564,126
2565,127
2566,128
2567,129
2568,130
2569,131
2570,132
2571,135
2572,136
2573,137
2574,138
2575,139
2576,140
2577,141
2578,142
2579,143
2580,144
2581,145
2582,1
2583,2
2584,3
2585,4
2586,5
2587,8
2588,9
2589,11
2590,12
2591,14
2592,15
2593,16
2594,17
2595,18
2596,19
2597,20
2598,21
2599,22
2600,24
2601,25
2602,26
2603,27
2604,28
2605,33
2606,34
2607,36
2608,37
2609,38
2610,39
2611,42
2612,43
2613,44
2614,45
2615,46
2616,48
2617,49
2618,50
2619,51
2620,52
2621,54
2622,56
2623,57
2624,58
2625,60
2626,61
2627,62
2628,63
2629,65
2630,66
2631,67
2632,68
2633,69
2634,71
2635,72
2636,73
2637,74
2638,75
2639,76
2640,78
2641,79
2642,82
2643,83
2644,85
2645,86
2646,88
2647,90
2648,93
2649,94
2650,96
2651,97
2652,98
2653,99
2654,100
2655,101
2656,102
2657,103
2658,105
2659,106
2660,107
2661,108
2662,109
2663,110
2664,111
2665,112
2666,113
2667,114
2668,115
2669,116
2670,118
2671,120
2672,121
2673,122
2674,123
2675,124
2676,126
2677,127
2678,128
2679,129
2680,131
2681,132
2682,136
2683,137
2684,138
2685,139
2686,140
2687,141
2688,142
2689,143
2690,144
2691,145
2692,3
2693,5
2694,6
2695,7
2696,8
2697,9
2698,10
2699,11
2700,12
2701,13
2702,15
2703,16
2704,17
2705,18
2706,19
2707,20
2708,21
2709,22
2710,23
2711,24
2712,25
2713,26
2714,27
2715,28
2716,29
2717,31
2718,32
2719,35
2720,36
2721,38
2722,39
2723,40
2724,43
2725,45
2726,47
2727,48
2728,49
2729,51
2730,52
2731,53
2732,54
2733,55
2734,56
2735,57
2736,58
2737,59
2738,60
2739,61
2740,62
2741,63
2742,64
2743,66
2744,67
2745,68
2746,69
2747,70
2748,71
2749,72
2750,74
2751,75
2752,78
2753,79
2754,80
2755,81
2756,82
2757,83
2758,84
2759,85
2760,86
2761,87
2762,88
2763,89
2764,90
2765,93
2766,94
2767,95
2768,96
2769,97
2770,99
2771,101
2772,102
2773,103
2774,104
2775,105
2776,106
2777,109
2778,111
2779,112
2780,113
2781,114
2782,117
2783,118
2784,119
2785,120
2786,123
2787,124
2788,126
2789,127
2790,131
2791,132
2792,133
2793,135
2794,136
2795,137
2796,138
2797,139
2798,140
2799,141
2800,143
2801,144
2802,145
2803,3
2804,4
2805,5
2806,6
2807,7
2808,8
2809,9
2810,10
2811,11
2812,12
2813,13
2814,14
2815,15
2816,16
2817,17
2818,18
2819,19
2820,20
2821,21
2822,23
2823,24
2824,25
2825,26
2826,27
2827,30
2828,31
2829,32
2830,35
2831,36
2832,37
2833,38
2834,39
2835,40
2836,41
2837,44
2838,45
2839,46
2840,47
2841,48
2842,49
2843,50
2844,53
2845,54
2846,57
2847,58
2848,59
2849,60
2850,62
2851,63
2852,64
2853,65
2854,66
2855,67
2856,68
2857,71
2858,73
2859,74
2860,75
2861,76
2862,77
2863,78
2864,80
2865,81
2866,83
2867,84
2868,85
2869,86
2870,87
2871,88
2872,89
2873,90
2874,91
2875,92
2876,93
2877,94
2878,95
2879,98
2880,99
2881,101
2882,102
2883,105
2884,106
2885,108
2886,109
2887,111
2888,112
2889,113
2890,115
2891,116
2892,117
2893,118
2894,120
2895,122
2896,123
2897,125
2898,127
2899,129
2900,130
2901,131
2902,132
2903,133
2904,134
2905,136
2906,137
2907,138
2908,139
2909,140
2910,141
2911,142
2912,143
2913,144
2914,1
2915,3
2916,4
2917,5
2918,6
2919,7
2920,8
2921,9
2922,10
2923,11
2924,12
2925,13
2926,14
2927,16
2928,17
2929,18
2930,19
2931,20
2932,21
2933,23
2934,24
2935,25
2936,27
2937,28
2938,29
2939,30
2940,31
2941,32
2942,33
2943,36
2944,37
2945,39
2946,41
2947,42
2948,43
2949,45
2950,46
2951,48
2952,49
2953,50
2954,51
2955,52
2956,53
2957,55
2958,56
2959,58
2960,59
2961,61
2962,62
2963,64
2964,65
2965,68
2966,70
2967,72
2968,74
2969,75
2970,76
2971,77
2972,78
2973,79
2974,80
2975,81
2976,82
2977,83
2978,84
2979,85
2980,86
2981,87
2982,88
2983,89
2984,90
2985,91
2986,93
2987,94
2988,95
2989,96
2990,97
2991,98
2992,100
2993,101
2994,102
2995,103
2996,104
2997,105
2998,106
2999,108
3000,109
3001,110
3002,111
3003,115
3004,116
3005,117
3006,119
3007,120
3008,121
3009,123
3010,124
3011,125
3012,126
3013,127
3014,128
3015,129
3016,130
3017,131
3018,132
3019,133
3020,134
3021,135
3022,136
3023,137
3024,138
3025,139
3026,140
3027,142
3028,143
3029,144
3030,1
3031,2
3032,3
3033,4
3034,5
3035,6
3036,7
3037,8
3038,9
3039,10
3040,11
3041,12
3042,13
3043,14
3044,15
3045,16
3046,18
3047,19
3048,20
3049,21
3050,22
3051,23
3052,24
3053,26
3054,27
3055,28
3056,31
3057,32
3058,34
3059,35
3060,36
3061,37
3062,38
3063,39
3064,40
3065,41
3066,44
3067,45
3068,46
3069,47
3070,48
3071,49
3072,50
3073,51
3074,52
3075,53
3076,54
3077,55
3078,56
3079,57
3080,58
3081,59
3082,60
3083,61
3084,62
3085,63
3086,64
3087,65
3088,66
3089,68
3090,69
3091,70
3092,71
3093,72
3094,73
3095,74
3096,75
3097,76
3098,78
3099,79
3100,80
3101,81
3102,83
3103,84
3104,85
3105,86
3106,87
3107,89
3108,90
3109,91
3110,93
3111,94
3112,96
3113,97
3114,98
3115,99
3116,100
3117,101
3118,102
3119,103
3120,104
3121,105
3122,106
3123,108
3124,109
3125,110
3126,111
3127,112
3128,114
3129,115
3130,116
3131,117
3132,119
3133,120
3134,121
3135,122
3136,123
3137,124
3138,125
3139,127
3140,129
3141,130
3142,131
3143,132
3144,133
3145,134
3146,135
3147,136
3148,139
3149,140
3150,141
3151,142
3152,143
3153,144
3154,1
3155,2
3156,3
3157,4
3158,5
3159,6
3160,7
3161,8
3162,10
3163,11
3164,12
3165,13
3166,14
3167,15
3168,16
3169,17
3170,19
3171,20
3172,21
3173,22
3174,24
3175,25
3176,26
3177,27
3178,28
3179,30
3180,32
3181,33
3182,34
3183,35
3184,38
3185,39
3186,40
3187,41
3188,42
3189,43
3190,44
3191,45
3192,46
3193,47
3194,48
3195,49
3196,50
3197,51
3198,52
3199,53
3200,54
3201,55
3202,56
3203,58
3204,60
3205,61
3206,62
3207,64
3208,66
3209,67
3210,68
3211,69
3212,70
3213,71
3214,72
3215,73
3216,74
3217,76
3218,78
3219,79
3220,80
3221,81
3222,82
3223,84
3224,85
3225,86
3226,87
3227,88
3228,89
3229,90
3230,91
3231,92
3232,93
3233,94
3234,95
3235,96
3236,97
3237,98
3238,99
3239,101
3240,102
3241,104
3242,105
3243,106
3244,108
3245,109
3246,110
3247,112
3248,113
3249,114
3250,115
3251,116
3252,118
3253,119
3254,120
3255,121
3256,122
3257,123
3258,124
3259,125
3260,126
3261,127
3262,128
3263,129
3264,130
3265,133
3266,135
3267,136
3268,137
3269,141
3270,142
3271,143
3272,144
3273,145
3274,1
3275,2
3276,3
3277,6
3278,7
3279,9
3280,10
3281,11
3282,12
3283,13
3284,14
3285,15
3286,16
3287,17
3288,18
3289,20
3290,21
3291,22
3292,23
3293,24
3294,26
3295,27
3296,28
3297,29
3298,31
3299,32
3300,33
3301,34
3302,35
3303,36
3304,37
3305,38
3306,39
3307,40
3308,41
3309,44
3310,45
3311,47
3312,48
3313,49
3314,50
3315,51
3316,52
3317,53
3318,55
3319,56
3320,57
3321,60
3322,62
3323,63
3324,64
3325,65
3326,66
3327,68
3328,69
3329,70
3330,71
3331,72
3332,73
3333,74
3334,75
3335,77
3336,78
3337,79
3338,80
3339,81
3340,83
3341,84
3342,85
3343,86
3344,87
3345,88
3346,89
3347,90
3348,91
3349,92
3350,93
3351,94
3352,95
3353,96
3354,97
3355,98
3356,100
3357,101
3358,102
3359,103
3360,104
3361,106
3362,107
3363,109
3364,110
3365,111
3366,112
3367,113
3368,114
3369,115
3370,117
3371,118
3372,119
3373,120
3374,121
3375,122
3376,123
3377,124
3378,125
3379,126
3380,127
3381,128
3382,129
3383,130
3384,131
3385,134
3386,135
3387,136
3388,137
3389,138
3390,141
3391,143
3392,145
3393,1
3394,2
3395,3
3396,5
3397,6
3398,7
3399,8
3400,9
3401,10
3402,11
3403,12
3404,13
3405,14
3406,17
3407,18
3408,19
3409,20
3410,21
3411,22
3412,23
3413,24
3414,25
3415,26
3416,27
3417,29
3418,31
3419,32
3420,33
3421,34
3422,35
3423,36
3424,37
3425,38
3426,39
3427,40
3428,41
3429,43
3430,44
3431,45
3432,46
3433,48
3434,49
3435,50
3436,51
3437,52
3438,53
3439,54
3440,56
3441,58
3442,59
3443,60
3444,61
3445,64
3446,65
3447,66
3448,67
3449,68
3450,69
3451,70
3452,72
3453,73
3454,74
3455,75
3456,76
3457,77
3458,78
3459,80
3460,81
3461,82
3462,84
3463,85
3464,86
3465,87
3466,88
3467,89
3468,90
3469,91
3470,92
3471,93
3472,94
3473,96
3474,98
3475,99
3476,103
3477,104
3478,105
3479,106
3480,107
3481,108
3482,109
3483,110
3484,113
3485,114
3486,115
3487,116
3488,117
3489,118
3490,120
3491,121
3492,122
3493,123
3494,124
3495,125
3496,126
3497,127
3498,128
3499,129
3500,130
3501,131
3502,132
3503,134
3504,135
3505,136
3506,137
3507,139
3508,140
3509,141
3510,143
3511,144
3512,1
3513,2
3514,3
3515,4
3516,5
3517,6
3518,9
3519,10
3520,11
3521,12
3522,13
3523,15
3524,16
3525,17
3526,19
3527,20
3528,21
3529,22
3530,25
3531,27
3532,28
3533,29
3534,31
3535,32
3536,33
3537,34
3538,36
3539,37
3540,39
3541,40
3542,41
3543,43
3544,44
3545,45
3546,46
3547,47
3548,48
3549,49
3550,50
3551,51
3552,52
3553,53
3554,54
3555,55
3556,56
3557,57
3558,58
3559,59
3560,61
3561,62
3562,63
3563,64
3564,65
3565,66
3566,67
3567,68
3568,69
3569,70
3570,71
3571,73
3572,74
3573,75
3574,76
3575,77
3576,78
3577,80
3578,82
3579,83
3580,85
3581,87
3582,88
3583,89
3584,90
3585,92
3586,93
3587,94
3588,96
3589,97
3590,99
3591,101
3592,102
3593,104
3594,105
3595,106
3596,107
3597,108
3598,109
3599,110
3600,112
3601,113
3602,115
3603,117
3604,118
3605,119
3606,120
3607,121
3608,122
3609,123
3610,125
3611,126
3612,127
3613,128
3614,129
3615,130
3616,131
3617,132
3618,133
3619,134
3620,135
3621,136
3622,137
3623,138
3624,139
3625,140
3626,141
3627,142
3628,143
3629,144
3630,145
3631,1
3632,2
3633,4
3634,5
3635,6
3636,8
3637,10
3638,11
3639,12
3640,13
3641,14
3642,15
3643,16
3644,17
3645,18
3646,19
3647,20
3648,21
3649,22
3650,23
3651,24
3652,25
3653,26
3654,27
3655,28
3656,29
3657,30
3658,31
3659,34
3660,35
3661,36
3662,37
3663,38
3664,39
3665,40
3666,41
3667,42
3668,43
3669,44
3670,45
3671,46
3672,47
3673,48
3674,49
3675,50
3676,51
3677,52
3678,53
3679,54
3680,56
3681,57
3682,59
3683,60
3684,61
3685,62
3686,65
3687,67
3688,68
3689,70
3690,71
3691,72
3692,73
3693,74
3694,75
3695,77
3696,78
3697,79
3698,80
3699,81
3700,82
3701,83
3702,85
3703,86
3704,87
3705,88
3706,89
3707,90
3708,91
3709,92
3710,93
3711,94
3712,95
3713,96
3714,97
3715,98
3716,99
3717,100
3718,101
3719,102
3720,103
3721,104
3722,105
3723,106
3724,107
3725,108
3726,109
3727,110
3728,111
3729,113
3730,114
3731,115
3732,116
3733,117
3734,119
3735,120
3736,121
3737,122
3738,123
3739,124
3740,125
3741,126
3742,127
3743,128
3744,129
3745,130
3746,131
3747,132
3748,133
3749,134
3750,135
3751,136
3752,137
3753,138
3754,139
3755,140
3756,141
3757,142
3758,143
3759,144
3760,145
3761,1
3762,2
3763,3
3764,4
3765,7
3766,8
3767,9
3768,10
3769,11
3770,12
3771,13
3772,14
3773,16
3774,17
3775,20
3776,21
3777,22
3778,23
3779,24
3780,25
3781,26
3782,27
3783,28
3784,29
3785,31
3786,32
3787,33
3788,36
3789,37
3790,40
3791,41
3792,42
3793,43
3794,44
3795,45
3796,46
3797,47
3798,48
3799,49
3800,50
3801,51
3802,53
3803,56
3804,58
3805,61
3806,62
3807,63
3808,64
3809,66
3810,67
3811,68
3812,69
3813,70
3814,71
3815,72
3816,73
3817,74
3818,75
3819,78
3820,79
3821,83
3822,84
3823,85
3824,86
3825,87
3826,88
3827,90
3828,91
3829,92
3830,93
3831,94
3832,95
3833,96
3834,97
3835,98
3836,99
3837,100
3838,101
3839,102
3840,103
3841,104
3842,108
3843,109
3844,110
3845,111
3846,113
3847,114
3848,115
3849,116
3850,117
3851,118
3852,119
3853,120
3854,121
3855,122
3856,123
3857,125
3858,126
3859,127
3860,128
3861,129
3862,130
3863,131
3864,132
3865,133
3866,134
3867,135
3868,136
3869,138
3870,140
3871,141
3872,142
3873,144
3874,145
3875,1
3876,2
3877,3
3878,4
3879,5
3880,6
3881,7
3882,8
3883,9
3884,10
3885,11
3886,12
3887,13
3888,14
3889,15
3890,16
3891,17
3892,19
3893,22
3894,23
3895,24
3896,27
3897,28
3898,29
3899,30
3900,31
3901,32
3902,33
3903,34
3904,35
3905,36
3906,37
3907,38
3908,39
3909,40
3910,41
3911,42
3912,43
3913,45
3914,46
3915,47
3916,48
3917,49
3918,51
3919,52
3920,53
3921,55
3922,56
3923,57
3924,58
3925,59
3926,60
3927,61
3928,62
3929,64
3930,65
3931,67
3932,68
3933,69
3934,71
3935,73
3936,74
3937,75
3938,76
3939,77
3940,78
3941,79
3942,80
3943,81
3944,82
3945,83
3946,84
3947,85
3948,86
3949,87
3950,89
3951,90
3952,91
3953,93
3954,94
3955,95
3956,98
3957,99
3958,101
3959,103
3960,104
3961,105
3962,106
3963,107
3964,108
3965,109
3966,111
3967,112
3968,113
3969,115
3970,116
3971,117
3972,118
3973,120
3974,121
3975,122
3976,123
3977,124
3978,125
3979,126
3980,127
3981,130
3982,131
3983,132
3984,133
3985,134
3986,135
3987,136
3988,137
3989,138
3990,139
3991,140
3992,141
3993,142
3994,144
3995,145
3996,1
3997,2
3998,3
3999,4
4000,5
4001,6
4002,9
4003,10
4004,11
4005,12
4006,13
4007,14
4008,15
4009,16
4010,17
4011,18
4012,20
4013,21
4014,22
4015,23
4016,24
4017,25
4018,26
4019,27
4020,28
4021,29
4022,30
4023,31
4024,32
4025,35
4026,36
4027,37
4028,38
4029,41
4030,42
4031,44
4032,45
4033,46
4034,47
4035,48
4036,49
4037,51
4038,52
4039,53
4040,54
4041,55
4042,56
4043,57
4044,58
4045,59
4046,60
4047,61
4048,62
4049,64
4050,66
4051,67
4052,68
4053,69
4054,70
4055,71
4056,73
4057,75
4058,76
4059,77
4060,78
4061,79
4062,80
4063,81
4064,82
4065,83
4066,84
4067,85
4068,87
4069,88
4070,90
4071,92
4072,93
4073,94
4074,95
4075,96
4076,97
4077,98
4078,99
4079,100
4080,101
4081,103
4082,104
4083,105
4084,106
4085,107
4086,110
4087,112
4088,113
4089,115
4090,116
4091,117
4092,118
4093,119
4094,120
4095,121
4096,122
4097,123
4098,124
4099,125
4100,126
4101,127
4102,129
4103,130
4104,131
4105,133
4106,135
4107,136
4108,137
4109,139
4110,140
4111,141
4112,142
4113,144
4114,1
4115,2
4116,3
4117,4
4118,5
4119,6
4120,7
4121,8
4122,10
4123,11
4124,12
4125,13
4126,14
4127,16
4128,17
4129,18
4130,19
4131,20
4132,21
4133,22
4134,23
4135,26
4136,28
4137,29
4138,30
4139,31
4140,32
4141,34
4142,35
4143,36
4144,37
4145,38
4146,41
4147,42
4148,43
4149,44
4150,46
4151,47
4152,48
4153,49
4154,50
4155,51
4156,52
4157,54
4158,55
4159,56
4160,57
4161,58
4162,59
4163,60
4164,61
4165,63
4166,64
4167,66
4168,69
4169,70
4170,71
4171,73
4172,75
4173,76
4174,77
4175,78
4176,79
4177,80
4178,82
4179,83
4180,84
4181,85
4182,86
4183,87
4184,88
4185,89
4186,90
4187,91
4188,92
4189,93
4190,95
4191,96
4192,97
4193,98
4194,100
4195,101
4196,102
4197,104
4198,105
4199,107
4200,109
4201,110
4202,113
4203,114
4204,115
4205,116
4206,117
4207,118
4208,119
4209,120
4210,122
4211,123
4212,124
4213,125
4214,126
4215,128
4216,129
4217,130
4218,131
4219,132
4220,133
4221,134
4222,135
4223,136
4224,137
4225,138
4226,139
4227,140
4228,141
4229,142
4230,143
4231,144
4232,145
4233,1
4234,2
4235,3
4236,4
4237,5
4238,6
4239,8
4240,9
4241,10
4242,11
4243,12
4244,14
4245,15
4246,18
4247,19
4248,20
4249,23
4250,24
4251,25
4252,27
4253,29
4254,30
4255,31
4256,32
4257,33
4258,34
4259,37
4260,38
4261,39
4262,40
4263,42
4264,43
4265,44
4266,45
4267,46
4268,47
4269,48
4270,49
4271,50
4272,51
4273,52
4274,53
4275,54
4276,55
4277,56
4278,57
4279,58
4280,59
4281,60
4282,61
4283,62
4284,63
4285,64
4286,65
4287,66
4288,67
4289,68
4290,70
4291,71
4292,72
4293,73
4294,74
4295,75
4296,76
4297,77
4298,78
4299,79
4300,80
4301,81
4302,82
4303,85
4304,87
4305,89
4306,91
4307,93
4308,94
4309,95
4310,96
4311,97
4312,98
4313,101
4314,102
4315,103
4316,104
4317,105
4318,106
4319,107
4320,108
4321,109
4322,111
4323,112
4324,113
4325,114
4326,115
4327,116
4328,119
4329,120
4330,121
4331,123
4332,124
4333,125
4334,127
4335,128
4336,129
4337,130
4338,131
4339,132
4340,134
4341,135
4342,137
4343,138
4344,139
4345,140
4346,141
4347,142
4348,143
4349,144
4350,145
4351,1
4352,2
4353,4
4354,5
4355,6
4356,8
4357,9
4358,10
4359,11
4360,12
4361,13
4362,14
4363,15
4364,16
4365,17
4366,18
4367,19
4368,20
4369,22
4370,23
4371,24
4372,25
4373,26
4374,27
4375,28
4376,30
4377,31
4378,32
4379,33
4380,34
4381,35
4382,36
4383,38
4384,39
4385,40
4386,42
4387,43
4388,44
4389,45
4390,46
4391,47
4392,48
4393,49
4394,50
4395,52
4396,53
4397,54
4398,55
4399,57
4400,58
4401,59
4402,61
4403,62
4404,63
4405,64
4406,65
4407,66
4408,67
4409,68
4410,69
4411,70
4412,71
4413,72
4414,73
4415,74
4416,75
4417,76
4418,77
4419,78
4420,79
4421,80
4422,82
4423,83
4424,84
4425,85
4426,86
4427,87
4428,88
4429,89
4430,91
4431,92
4432,96
4433,97
4434,98
4435,99
4436,100
4437,101
4438,102
4439,104
4440,105
4441,108
4442,109
4443,110
4444,112
4445,113
4446,114
4447,115
4448,116
4449,117
4450,118
4451,119
4452,121
4453,122
4454,123
4455,124
4456,125
4457,126
4458,127
4459,128
4460,129
4461,130
4462,131
4463,133
4464,134
4465,136
4466,138
4467,139
4468,140
4469,141
4470,143
4471,144
4472,145
4473,1
4474,3
4475,4
4476,5
4477,6
4478,7
4479,8
4480,11
4481,12
4482,13
4483,14
4484,15
4485,16
4486,17
4487,18
4488,19
4489,20
4490,21
4491,25
4492,26
4493,27
4494,29
4495,31
4496,32
4497,33
4498,34
4499,35
4500,36
4501,37
4502,38
4503,39
4504,40
4505,41
4506,43
4507,44
4508,45
4509,46
4510,47
4511,49
4512,50
4513,53
4514,54
4515,55
4516,56
4517,57
4518,58
4519,59
4520,60
4521,61
4522,62
4523,64
4524,65
4525,67
4526,68
4527,70
4528,71
4529,72
4530,73
4531,74
4532,75
4533,76
4534,77
4535,78
4536,79
4537,80
4538,81
4539,82
4540,83
4541,84
4542,85
4543,86
4544,87
4545,88
4546,89
4547,91
4548,92
4549,93
4550,94
4551,95
4552,96
4553,97
4554,98
4555,100
4556,101
4557,102
4558,103
4559,104
4560,105
4561,106
4562,107
4563,108
4564,109
4565,112
4566,113
4567,114
4568,115
4569,116
4570,117
4571,118
4572,119
4573,120
4574,121
4575,122
4576,123
4577,124
4578,125
4579,126
4580,127
4581,128
4582,129
4583,130
4584,131
4585,132
4586,133
4587,135
4588,136
4589,138
4590,139
4591,141
4592,142
4593,143
4594,144
4595,145
4596,2
4597,3
4598,4
4599,6
4600,7
4601,8
4602,9
4603,10
4604,11
4605,12
4606,13
4607,14
4608,15
4609,18
4610,19
4611,20
4612,21
4613,22
4614,26
4615,27
4616,28
4617,29
4618,30
4619,31
4620,32
4621,34
4622,36
4623,37
4624,39
4625,40
4626,41
4627,43
4628,44
4629,46
4630,47
4631,48
4632,49
4633,50
4634,51
4635,52
4636,53
4637,54
4638,55
4639,56
4640,58
4641,59
4642,60
4643,61
4644,63
4645,64
4646,65
4647,66
4648,67
4649,69
4650,70
4651,71
4652,72
4653,73
4654,74
4655,75
4656,76
4657,78
4658,79
4659,81
4660,82
4661,84
4662,85
4663,86
4664,87
4665,89
4666,91
4667,92
4668,93
4669,94
4670,95
4671,97
4672,98
4673,100
4674,101
4675,103
4676,104
4677,105
4678,106
4679,107
4680,108
4681,109
4682,110
4683,112
4684,114
4685,115
4686,118
4687,119
4688,120
4689,122
4690,123
4691,124
4692,125
4693,126
4694,127
4695,128
4696,129
4697,131
4698,132
4699,133
4700,136
4701,137
4702,138
4703,139
4704,140
4705,141
4706,143
4707,144
4708,145
