"çÏã∆ê\êøèëID",é–àıID
1,D999998
1,D999997
2,D999997
2,D999999
3,D999999
3,D999998
4,D999998
4,D999997
5,D999997
5,D999999
6,D999998
6,D999997
7,D999998
7,D999997
8,D999998
8,D999997
9,D999997
9,D999999
10,D999997
10,D999999
11,D999999
11,D999998
12,D999997
12,D999999
13,D999997
13,D999999
14,D999998
14,D999997
15,D999997
15,D999999
16,D999999
16,D999998
17,D999999
17,D999998
18,D999997
18,D999999
19,D999997
19,D999999
20,D999999
20,D999998
21,D999999
21,D999998
22,D999997
22,D999999
23,D999997
23,D999999
24,D999998
24,D999997
25,D999999
25,D999998
26,D999999
26,D999998
27,D999998
27,D999997
28,D999997
28,D999999
29,D999999
29,D999998
30,D999997
30,D999999
31,D999997
31,D999999
32,D999997
32,D999999
33,D999997
33,D999999
34,D999997
34,D999999
35,D999997
35,D999999
36,D999997
36,D999999
37,D999998
37,D999997
38,D999999
38,D999998
39,D999997
39,D999999
40,D999997
40,D999999
41,D999997
41,D999999
42,D999997
42,D999999
43,D999999
43,D999998
44,D999997
44,D999999
45,D999998
45,D999997
46,D999998
46,D999997
47,D999997
47,D999999
48,D999997
48,D999999
49,D999999
49,D999998
50,D999999
50,D999998
51,D999999
51,D999998
52,D999998
52,D999997
53,D999999
53,D999998
54,D999997
54,D999999
55,D999998
55,D999997
56,D999999
56,D999998
57,D999998
57,D999997
58,D999999
58,D999998
59,D999997
59,D999999
60,D999999
60,D999998
61,D999997
61,D999999
62,D999999
62,D999998
63,D999998
63,D999997
64,D999997
64,D999999
65,D999998
65,D999997
66,D999999
66,D999998
67,D999998
67,D999997
68,D999997
68,D999999
69,D999997
69,D999999
70,D999997
70,D999999
71,D999997
71,D999999
72,D999999
72,D999998
73,D999997
73,D999999
74,D999999
74,D999998
75,D999997
75,D999999
76,D999997
76,D999999
77,D999999
77,D999998
78,D999998
78,D999997
79,D999997
79,D999999
80,D999998
80,D999997
81,D999999
81,D999998
82,D999998
82,D999997
83,D999997
83,D999999
84,D999998
84,D999997
85,D999997
85,D999999
86,D999999
86,D999998
87,D999998
87,D999997
88,D999998
88,D999997
89,D999998
89,D999997
90,D999997
90,D999999
91,D999997
91,D999999
92,D999999
92,D999998
93,D999997
93,D999999
94,D999999
94,D999998
95,D999997
95,D999999
96,D999999
96,D999998
97,D999999
97,D999998
98,D999998
98,D999997
99,D999999
99,D999998
100,D999997
100,D999999
101,D999997
101,D999999
102,D999999
102,D999998
103,D999998
103,D999997
104,D999998
104,D999997
105,D999998
105,D999997
106,D999997
106,D999999
107,D999997
107,D999999
108,D999998
108,D999997
109,D999998
109,D999997
110,D999997
110,D999999
111,D999999
111,D999998
112,D999997
112,D999999
113,D999999
113,D999998
114,D999999
114,D999998
115,D999999
115,D999998
116,D999999
116,D999998
117,D999999
117,D999998
118,D999999
118,D999998
119,D999998
119,D999997
120,D999998
120,D999997
121,D999999
121,D999998
122,D999998
122,D999997
123,D999999
123,D999998
124,D999999
124,D999998
125,D999998
125,D999997
126,D999997
126,D999999
127,D999998
127,D999997
128,D999997
128,D999999
129,D999997
129,D999999
130,D999998
130,D999997
131,D999998
131,D999997
132,D999997
132,D999999
133,D999997
133,D999999
134,D999999
134,D999998
135,D999998
135,D999997
136,D999997
136,D999999
137,D999999
137,D999998
138,D999997
138,D999999
139,D999999
139,D999998
140,D999998
140,D999997
141,D999998
141,D999997
142,D999998
142,D999997
143,D999999
143,D999998
144,D999999
144,D999998
145,D999999
145,D999998
146,D999998
146,D999997
147,D999998
147,D999997
148,D999999
148,D999998
149,D999999
149,D999998
150,D999998
150,D999997
151,D999997
151,D999999
152,D999998
152,D999997
153,D999998
153,D999997
154,D999999
154,D999998
155,D999999
155,D999998
156,D999999
156,D999998
157,D999997
157,D999999
158,D999999
158,D999998
159,D999997
159,D999999
160,D999999
160,D999998
161,D999999
161,D999998
162,D999997
162,D999999
163,D999999
163,D999998
164,D999998
164,D999997
165,D999999
165,D999998
166,D999999
166,D999998
167,D999999
167,D999998
168,D999997
168,D999999
169,D999997
169,D999999
170,D999998
170,D999997
171,D999998
171,D999997
172,D999999
172,D999998
173,D999997
173,D999999
174,D999999
174,D999998
175,D999997
175,D999999
176,D999998
176,D999997
177,D999999
177,D999998
178,D999999
178,D999998
179,D999997
179,D999999
180,D999997
180,D999999
181,D999997
181,D999999
182,D999998
182,D999997
183,D999998
183,D999997
184,D999997
184,D999999
185,D999997
185,D999999
186,D999997
186,D999999
187,D999999
187,D999998
188,D999997
188,D999999
189,D999998
189,D999997
190,D999997
190,D999999
191,D999999
191,D999998
192,D999998
192,D999997
193,D999999
193,D999998
194,D999998
194,D999997
195,D999998
195,D999997
196,D999998
196,D999997
197,D999999
197,D999998
198,D999997
198,D999999
199,D999999
199,D999998
200,D999998
200,D999997
201,D999999
201,D999998
202,D999998
202,D999997
203,D999998
203,D999997
204,D999999
204,D999998
205,D999998
205,D999997
206,D999999
206,D999998
207,D999999
207,D999998
208,D999998
208,D999997
209,D999998
209,D999997
210,D999999
210,D999998
211,D999998
211,D999997
212,D999999
212,D999998
213,D999997
213,D999999
214,D999998
214,D999997
215,D999997
215,D999999
216,D999999
216,D999998
217,D999997
217,D999999
218,D999997
218,D999999
219,D999999
219,D999998
220,D999997
220,D999999
221,D999999
221,D999998
222,D999999
222,D999998
223,D999999
223,D999998
224,D999998
224,D999997
225,D999997
225,D999999
226,D999999
226,D999998
227,D999999
227,D999998
228,D999998
228,D999997
229,D999998
229,D999997
230,D999998
230,D999997
231,D999999
231,D999998
232,D999997
232,D999999
233,D999999
233,D999998
234,D999999
234,D999998
235,D999999
235,D999998
236,D999998
236,D999997
237,D999999
237,D999998
238,D999998
238,D999997
239,D999997
239,D999999
240,D999998
240,D999997
241,D999998
241,D999997
242,D999999
242,D999998
243,D999999
243,D999998
244,D999999
244,D999998
245,D999997
245,D999999
246,D999999
246,D999998
247,D999999
247,D999998
248,D999999
248,D999998
249,D999998
249,D999997
250,D999997
250,D999999
251,D999997
251,D999999
252,D999998
252,D999997
253,D999998
253,D999997
254,D999999
254,D999998
255,D999997
255,D999999
256,D999998
256,D999997
257,D999998
257,D999997
258,D999998
258,D999997
259,D999999
259,D999998
260,D999999
260,D999998
261,D999999
261,D999998
262,D999997
262,D999999
263,D999998
263,D999997
264,D999999
264,D999998
265,D999999
265,D999998
266,D999997
266,D999999
267,D999998
267,D999997
268,D999998
268,D999997
269,D999999
269,D999998
270,D999999
270,D999998
271,D999997
271,D999999
272,D999999
272,D999998
273,D999997
273,D999999
274,D999997
274,D999999
275,D999997
275,D999999
276,D999997
276,D999999
277,D999997
277,D999999
278,D999997
278,D999999
279,D999997
279,D999999
280,D999997
280,D999999
281,D999998
281,D999997
282,D999999
282,D999998
283,D999998
283,D999997
284,D999999
284,D999998
285,D999998
285,D999997
286,D999997
286,D999999
287,D999999
287,D999998
288,D999997
288,D999999
289,D999999
289,D999998
290,D999999
290,D999998
291,D999999
291,D999998
292,D999997
292,D999999
293,D999998
293,D999997
294,D999999
294,D999998
295,D999998
295,D999997
296,D999999
296,D999998
297,D999999
297,D999998
298,D999998
298,D999997
299,D999999
299,D999998
300,D999997
300,D999999
301,D999999
301,D999998
302,D999999
302,D999998
303,D999999
303,D999998
304,D999998
304,D999997
305,D999999
305,D999998
306,D999998
306,D999997
307,D999997
307,D999999
308,D999998
308,D999997
309,D999998
309,D999997
310,D999997
310,D999999
311,D999997
311,D999999
312,D999998
312,D999997
313,D999997
313,D999999
314,D999999
314,D999998
315,D999997
315,D999999
316,D999997
316,D999999
317,D999998
317,D999997
318,D999999
318,D999998
319,D999999
319,D999998
320,D999999
320,D999998
321,D999997
321,D999999
322,D999998
322,D999997
323,D999998
323,D999997
324,D999997
324,D999999
325,D999999
325,D999998
326,D999997
326,D999999
327,D999997
327,D999999
328,D999997
328,D999999
329,D999998
329,D999997
330,D999999
330,D999998
331,D999997
331,D999999
332,D999999
332,D999998
333,D999998
333,D999997
334,D999999
334,D999998
335,D999999
335,D999998
336,D999999
336,D999998
337,D999999
337,D999998
338,D999998
338,D999997
339,D999998
339,D999997
340,D999999
340,D999998
341,D999999
341,D999998
342,D999997
342,D999999
343,D999999
343,D999998
344,D999999
344,D999998
345,D999999
345,D999998
346,D999997
346,D999999
347,D999999
347,D999998
348,D999999
348,D999998
349,D999999
349,D999998
350,D999999
350,D999998
351,D999999
351,D999998
352,D999999
352,D999998
353,D999999
353,D999998
354,D999997
354,D999999
355,D999999
355,D999998
356,D999998
356,D999997
357,D999997
357,D999999
358,D999997
358,D999999
359,D999999
359,D999998
360,D999997
360,D999999
361,D999999
361,D999998
362,D999997
362,D999999
363,D999998
363,D999997
364,D999999
364,D999998
365,D999997
365,D999999
366,D999997
366,D999999
367,D999999
367,D999998
368,D999999
368,D999998
369,D999999
369,D999998
370,D999998
370,D999997
371,D999997
371,D999999
372,D999999
372,D999998
373,D999998
373,D999997
374,D999997
374,D999999
375,D999997
375,D999999
376,D999999
376,D999998
377,D999997
377,D999999
378,D999997
378,D999999
379,D999998
379,D999997
380,D999998
380,D999997
381,D999997
381,D999999
382,D999999
382,D999998
383,D999999
383,D999998
384,D999998
384,D999997
385,D999999
385,D999998
386,D999997
386,D999999
387,D999998
387,D999997
388,D999997
388,D999999
389,D999998
389,D999997
390,D999998
390,D999997
391,D999999
391,D999998
392,D999998
392,D999997
393,D999997
393,D999999
394,D999999
394,D999998
395,D999997
395,D999999
396,D999998
396,D999997
397,D999997
397,D999999
398,D999999
398,D999998
399,D999998
399,D999997
400,D999998
400,D999997
401,D999997
401,D999999
402,D999997
402,D999999
403,D999999
403,D999998
404,D999998
404,D999997
405,D999997
405,D999999
406,D999998
406,D999997
407,D999999
407,D999998
408,D999998
408,D999997
409,D999999
409,D999998
410,D999997
410,D999999
411,D999998
411,D999997
412,D999999
412,D999998
413,D999998
413,D999997
414,D999999
414,D999998
415,D999999
415,D999998
416,D999999
416,D999998
417,D999999
417,D999998
418,D999997
418,D999999
419,D999998
419,D999997
420,D999999
420,D999998
421,D999997
421,D999999
422,D999997
422,D999999
423,D999997
423,D999999
424,D999998
424,D999997
425,D999999
425,D999998
426,D999999
426,D999998
427,D999999
427,D999998
428,D999997
428,D999999
429,D999999
429,D999998
430,D999998
430,D999997
431,D999999
431,D999998
432,D999999
432,D999998
433,D999999
433,D999998
434,D999998
434,D999997
435,D999998
435,D999997
436,D999999
436,D999998
437,D999997
437,D999999
438,D999997
438,D999999
439,D999999
439,D999998
440,D999999
440,D999998
441,D999997
441,D999999
442,D999998
442,D999997
443,D999998
443,D999997
444,D999998
444,D999997
445,D999998
445,D999997
446,D999997
446,D999999
447,D999998
447,D999997
448,D999999
448,D999998
449,D999997
449,D999999
450,D999997
450,D999999
451,D999998
451,D999997
452,D999997
452,D999999
453,D999997
453,D999999
454,D999998
454,D999997
455,D999997
455,D999999
456,D999997
456,D999999
457,D999999
457,D999998
458,D999997
458,D999999
459,D999997
459,D999999
460,D999998
460,D999997
461,D999997
461,D999999
462,D999998
462,D999997
463,D999998
463,D999997
464,D999999
464,D999998
465,D999999
465,D999998
466,D999997
466,D999999
467,D999997
467,D999999
468,D999999
468,D999998
469,D999997
469,D999999
470,D999998
470,D999997
