id,タイトル,作業内容,納期,納期時間,"開始予定日","終了予定日",パーセンテージ,完了,所感,level,top,parent,child,成果物,テーマ,優先度,登録日,保留,削除,時間管理テーマ,順番,今日やること
1,1:テーマ,1:テーマの作業内容,2018/11/19,18:00,2018/11/09,2018/11/19,0,0,"no comment",1,1,0,5,成果物,0,1,"2018/10/02 01:52:40",1,0,1,0,0
2,2:テーマ,2:テーマの作業内容,2019/01/07,18:00,2019/01/03,2019/01/07,0,0,"no comment",1,2,0,5,成果物,0,1,"2018/10/02 01:52:40",0,0,2,0,0
3,3:テーマ,3:テーマの作業内容,2019/01/30,18:00,2019/01/08,2019/01/30,0,0,"no comment",1,3,0,7,成果物,0,1,"2018/10/02 01:52:40",0,0,3,0,0
4,4:テーマ,4:テーマの作業内容,2018/12/16,18:00,2018/11/22,2018/12/16,0,0,"no comment",1,4,0,6,成果物,0,1,"2018/10/02 01:52:40",1,0,4,0,0
5,5:テーマ,5:テーマの作業内容,2019/01/12,18:00,2018/12/25,2019/01/12,1.6666666666667,0,"no comment",1,5,0,5,成果物,0,1,"2018/10/02 01:52:40",0,0,5,0,1
6,6:テーマ,6:テーマの作業内容,2018/09/25,18:00,2018/09/12,2018/09/25,0,0,"no comment",1,6,0,6,成果物,0,1,"2018/10/02 01:52:40",0,0,6,0,0
7,7:テーマ,7:テーマの作業内容,2019/01/01,18:00,2018/12/16,2019/01/01,0,0,"no comment",1,7,0,5,成果物,0,1,"2018/10/02 01:52:40",0,0,7,0,0
8,8:テーマ,8:テーマの作業内容,2018/12/01,18:00,2018/11/25,2018/12/01,0,0,"no comment",1,8,0,7,成果物,0,1,"2018/10/02 01:52:40",0,0,8,0,0
9,9:テーマ,9:テーマの作業内容,2018/12/07,18:00,2018/11/13,2018/12/07,0,0,"no comment",1,9,0,5,成果物,0,1,"2018/10/02 01:52:40",0,0,9,0,0
10,10:テーマ,10:テーマの作業内容,2019/01/09,18:00,2019/01/08,2019/01/09,0,0,"no comment",1,10,0,8,成果物,0,1,"2018/10/02 01:52:40",0,0,10,0,1
11,11:テーマ,11:テーマの作業内容,2018/10/02,18:00,2018/09/27,2018/10/02,0,0,"no comment",1,11,0,7,成果物,0,1,"2018/10/02 01:52:40",0,0,11,0,0
12,12:テーマ,12:テーマの作業内容,2018/12/01,18:00,2018/11/30,2018/12/01,0,0,"no comment",1,12,0,7,成果物,0,1,"2018/10/02 01:52:40",0,0,12,0,1
13,13:インシデント関連,13:インシデント関連の作業内容,2018/11/07,18:00,2018/10/19,2018/11/07,0,0,"no comment",1,13,0,7,成果物,0,1,"2018/10/02 01:52:40",1,0,13,0,0
14,14:テーマ,14:テーマの作業内容,2018/10/05,18:00,2018/09/13,2018/10/05,0,0,"no comment",1,14,0,7,成果物,0,1,"2018/10/02 01:52:40",0,0,14,0,0
15,15:サービス関連,15:サービス関連の作業内容,2018/12/06,18:00,2018/11/16,2018/12/06,0,0,"no comment",1,15,0,5,成果物,0,1,"2018/10/02 01:52:40",1,0,15,0,0
16,20:テーマ,20:テーマの作業内容,2019/01/19,18:00,2019/01/10,2019/01/19,0,0,"no comment",1,16,0,6,成果物,0,1,"2018/10/02 01:52:40",0,0,20,0,0
17,30:テーマ,30:テーマの作業内容,2018/12/31,18:00,2018/12/19,2018/12/31,0,0,"no comment",1,17,0,7,成果物,0,1,"2018/10/02 01:52:40",0,0,30,0,0
18,40:テーマ以外,40:テーマ以外の作業内容,2018/10/13,18:00,2018/09/26,2018/10/13,0,0,"no comment",1,18,0,7,成果物,0,1,"2018/10/02 01:52:40",0,0,40,0,0
19,50:打ち合わせ,50:打ち合わせの作業内容,2018/10/11,18:00,2018/09/19,2018/10/11,0,0,"no comment",1,19,0,6,成果物,0,1,"2018/10/02 01:52:40",0,0,50,0,0
20,その他,その他の作業内容,2018/11/15,18:00,2018/11/15,2018/11/15,0,0,"no comment",1,20,0,5,成果物,0,1,"2018/10/02 01:52:40",0,0,60,0,0
21,21　　テーマ外の作業,40:テーマ以外の作業内容,2018/12/30,18:00,2018/12/10,2018/12/30,0,0,"no comment",1,21,0,1,成果物,0,1,"2018/10/02 01:52:40",1,0,40,0,0
22,22　　テーマ外の作業,40:テーマ以外の作業内容,2018/10/21,18:00,2018/09/29,2018/10/21,0,0,"no comment",1,22,0,1,成果物,0,1,"2018/10/02 01:52:40",0,0,40,0,0
23,1-0　1:テーマ,1:テーマの作業内容,2018/11/19,18:00,2018/11/09,2018/11/19,0,0,"no comment",2,1,1,1,成果物,0,1,"2018/10/02 01:52:40",1,0,0,1,0
24,1-0　2:テーマ,2:テーマの作業内容,2019/01/07,18:00,2019/01/03,2019/01/07,0,0,"no comment",2,2,2,1,成果物,0,1,"2018/10/02 01:52:40",0,0,0,1,0
25,1-0　3:テーマ,3:テーマの作業内容,2019/01/30,18:00,2019/01/08,2019/01/30,0,0,"no comment",2,3,3,0,成果物,0,1,"2018/10/02 01:52:40",1,0,0,4,0
26,1-0　4:テーマ,4:テーマの作業内容,2018/12/16,18:00,2018/11/22,2018/12/16,0,0,"no comment",2,4,4,2,成果物,0,1,"2018/10/02 01:52:40",1,0,0,4,2018/10/06
27,1-0　5:テーマ,5:テーマの作業内容,2019/01/12,18:00,2018/12/25,2019/01/12,8.3333333333333,0,"no comment",2,5,5,3,成果物,0,1,"2018/10/02 01:52:40",0,0,0,1,0
28,1-0　6:テーマ,6:テーマの作業内容,2018/09/25,18:00,2018/09/12,2018/09/25,0,0,"no comment",2,6,6,0,成果物,0,1,"2018/10/02 01:52:40",0,0,0,2,0
29,1-0　7:テーマ,7:テーマの作業内容,2019/01/01,18:00,2018/12/16,2019/01/01,0,0,"no comment",2,7,7,0,成果物,0,1,"2018/10/02 01:52:40",0,0,0,1,0
30,1-0　8:テーマ,8:テーマの作業内容,2018/12/01,18:00,2018/11/25,2018/12/01,0,0,"no comment",2,8,8,0,成果物,0,1,"2018/10/02 01:52:40",0,0,0,6,0
31,1-0　9:テーマ,9:テーマの作業内容,2018/12/07,18:00,2018/11/13,2018/12/07,0,0,"no comment",2,9,9,2,成果物,0,1,"2018/10/02 01:52:40",0,0,0,1,0
32,1-0　10:テーマ,10:テーマの作業内容,2019/01/09,18:00,2019/01/08,2019/01/09,0,0,"no comment",2,10,10,1,成果物,0,1,"2018/10/02 01:52:40",1,0,0,7,0
33,1-0　11:テーマ,11:テーマの作業内容,2018/10/02,18:00,2018/09/27,2018/10/02,0,0,"no comment",2,11,11,1,成果物,0,1,"2018/10/02 01:52:40",0,0,0,7,0
34,1-0　12:テーマ,12:テーマの作業内容,2018/12/01,18:00,2018/11/30,2018/12/01,0,0,"no comment",2,12,12,1,成果物,0,1,"2018/10/02 01:52:40",0,0,0,6,0
35,1-0　13:インシデント関連,13:インシデント関連の作業内容,2018/11/07,18:00,2018/10/19,2018/11/07,0,0,"no comment",2,13,13,1,成果物,0,1,"2018/10/02 01:52:40",1,0,0,5,0
36,1-0　14:テーマ,14:テーマの作業内容,2018/10/05,18:00,2018/09/13,2018/10/05,0,0,"no comment",2,14,14,1,成果物,0,1,"2018/10/02 01:52:40",0,0,0,3,0
37,1-0　15:サービス関連,15:サービス関連の作業内容,2018/12/06,18:00,2018/11/16,2018/12/06,0,0,"no comment",2,15,15,4,成果物,0,1,"2018/10/02 01:52:40",1,0,0,1,0
38,1-0　20:テーマ,20:テーマの作業内容,2019/01/19,18:00,2019/01/10,2019/01/19,0,0,"no comment",2,16,16,2,成果物,0,1,"2018/10/02 01:52:40",1,0,0,2,0
39,1-0　30:テーマ,30:テーマの作業内容,2018/12/31,18:00,2018/12/19,2018/12/31,0,0,"no comment",2,17,17,1,成果物,0,1,"2018/10/02 01:52:40",1,0,0,4,0
40,1-0　40:テーマ以外,40:テーマ以外の作業内容,2018/10/13,18:00,2018/09/26,2018/10/13,0,0,"no comment",2,18,18,4,成果物,0,1,"2018/10/02 01:52:40",0,0,0,8,0
41,1-0　50:打ち合わせ,50:打ち合わせの作業内容,2018/10/11,18:00,2018/09/19,2018/10/11,0,0,"no comment",2,19,19,2,成果物,0,1,"2018/10/02 01:52:40",0,0,0,2,0
42,1-0　その他,その他の作業内容,2018/11/15,18:00,2018/11/15,2018/11/15,0,0,"no comment",2,20,20,1,成果物,0,1,"2018/10/02 01:52:40",0,0,0,1,0
43,1-1　1:テーマ,1:テーマの作業内容,2018/11/19,18:00,2018/11/09,2018/11/19,0,0,"no comment",2,1,1,2,成果物,0,1,"2018/10/02 01:52:40",1,0,0,3,0
44,1-1　2:テーマ,2:テーマの作業内容,2019/01/07,18:00,2019/01/03,2019/01/07,0,0,"no comment",2,2,2,0,成果物,0,1,"2018/10/02 01:52:40",0,0,0,3,0
45,1-1　3:テーマ,3:テーマの作業内容,2019/01/30,18:00,2019/01/08,2019/01/30,0,0,"no comment",2,3,3,3,成果物,0,1,"2018/10/02 01:52:40",1,0,0,5,0
46,1-1　4:テーマ,4:テーマの作業内容,2018/12/16,18:00,2018/11/22,2018/12/16,0,0,"no comment",2,4,4,1,成果物,0,1,"2018/10/02 01:52:40",1,0,0,8,0
47,1-1　5:テーマ,5:テーマの作業内容,2019/01/12,18:00,2018/12/25,2019/01/12,0,0,"no comment",2,5,5,1,成果物,0,1,"2018/10/02 01:52:40",0,0,0,13,0
48,1-1　6:テーマ,6:テーマの作業内容,2018/09/25,18:00,2018/09/12,2018/09/25,0,0,"no comment",2,6,6,1,成果物,0,1,"2018/10/02 01:52:40",0,0,0,3,0
49,1-1　7:テーマ,7:テーマの作業内容,2019/01/01,18:00,2018/12/16,2019/01/01,0,0,"no comment",2,7,7,1,成果物,0,1,"2018/10/02 01:52:40",0,0,0,2,0
50,1-1　8:テーマ,8:テーマの作業内容,2018/12/01,18:00,2018/11/25,2018/12/01,0,0,"no comment",2,8,8,3,成果物,0,1,"2018/10/02 01:52:40",0,0,0,7,0
51,1-1　9:テーマ,9:テーマの作業内容,2018/12/07,18:00,2018/11/13,2018/12/07,0,0,"no comment",2,9,9,2,成果物,0,1,"2018/10/02 01:52:40",0,0,0,4,0
52,1-1　10:テーマ,10:テーマの作業内容,2019/01/09,18:00,2019/01/08,2019/01/09,0,0,"no comment",2,10,10,1,成果物,0,1,"2018/10/02 01:52:40",1,0,0,9,0
53,1-1　11:テーマ,11:テーマの作業内容,2018/10/02,18:00,2018/09/27,2018/10/02,0,0,"no comment",2,11,11,0,成果物,0,1,"2018/10/02 01:52:40",0,0,0,11,0
54,1-1　12:テーマ,12:テーマの作業内容,2018/12/01,18:00,2018/11/30,2018/12/01,0,0,"no comment",2,12,12,1,成果物,0,1,"2018/10/02 01:52:40",0,0,0,8,0
55,1-1　13:インシデント関連,13:インシデント関連の作業内容,2018/11/07,18:00,2018/10/19,2018/11/07,0,0,"no comment",2,13,13,1,成果物,0,1,"2018/10/02 01:52:40",1,0,0,7,0
56,1-1　14:テーマ,14:テーマの作業内容,2018/10/05,18:00,2018/09/13,2018/10/05,0,0,"no comment",2,14,14,1,成果物,0,1,"2018/10/02 01:52:40",0,0,0,6,0
57,1-1　15:サービス関連,15:サービス関連の作業内容,2018/12/06,18:00,2018/11/16,2018/12/06,0,0,"no comment",2,15,15,1,成果物,0,1,"2018/10/02 01:52:40",1,0,0,8,0
58,1-1　20:テーマ,20:テーマの作業内容,2019/01/19,18:00,2019/01/10,2019/01/19,0,0,"no comment",2,16,16,0,成果物,0,1,"2018/10/02 01:52:40",1,0,0,6,0
59,1-1　30:テーマ,30:テーマの作業内容,2018/12/31,18:00,2018/12/19,2018/12/31,0,0,"no comment",2,17,17,0,成果物,0,1,"2018/10/02 01:52:40",1,0,0,8,0
60,1-1　40:テーマ以外,40:テーマ以外の作業内容,2018/10/13,18:00,2018/09/26,2018/10/13,0,0,"no comment",2,18,18,0,成果物,0,1,"2018/10/02 01:52:40",0,0,0,29,0
61,1-1　50:打ち合わせ,50:打ち合わせの作業内容,2018/10/11,18:00,2018/09/19,2018/10/11,0,0,"no comment",2,19,19,0,成果物,0,1,"2018/10/02 01:52:40",0,0,0,6,0
62,1-1　その他,その他の作業内容,2018/11/15,18:00,2018/11/15,2018/11/15,0,0,"no comment",2,20,20,1,成果物,0,1,"2018/10/02 01:52:40",0,0,0,4,0
63,1-2　1:テーマ,1:テーマの作業内容,2018/11/19,18:00,2018/11/09,2018/11/19,0,0,"no comment",2,1,1,1,成果物,0,1,"2018/10/02 01:52:40",1,0,0,6,0
64,1-2　2:テーマ,2:テーマの作業内容,2019/01/07,18:00,2019/01/03,2019/01/07,0,0,"no comment",2,2,2,0,成果物,0,1,"2018/10/02 01:52:40",0,0,0,4,0
65,1-2　3:テーマ,3:テーマの作業内容,2019/01/30,18:00,2019/01/08,2019/01/30,0,0,"no comment",2,3,3,2,成果物,0,1,"2018/10/02 01:52:40",1,0,0,9,0
66,1-2　4:テーマ,4:テーマの作業内容,2018/12/16,18:00,2018/11/22,2018/12/16,0,0,"no comment",2,4,4,1,成果物,0,1,"2018/10/02 01:52:40",1,0,0,12,0
67,1-2　5:テーマ,5:テーマの作業内容,2019/01/12,18:00,2018/12/25,2019/01/12,0,0,"no comment",2,5,5,2,成果物,0,1,"2018/10/02 01:52:40",0,0,0,17,0
68,1-2　6:テーマ,6:テーマの作業内容,2018/09/25,18:00,2018/09/12,2018/09/25,0,0,"no comment",2,6,6,2,成果物,0,1,"2018/10/02 01:52:40",0,0,0,5,0
69,1-2　7:テーマ,7:テーマの作業内容,2019/01/01,18:00,2018/12/16,2019/01/01,0,0,"no comment",2,7,7,3,成果物,0,1,"2018/10/02 01:52:40",0,0,0,6,0
70,1-2　8:テーマ,8:テーマの作業内容,2018/12/01,18:00,2018/11/25,2018/12/01,0,0,"no comment",2,8,8,2,成果物,0,1,"2018/10/02 01:52:40",0,0,0,15,0
71,1-2　9:テーマ,9:テーマの作業内容,2018/12/07,18:00,2018/11/13,2018/12/07,0,0,"no comment",2,9,9,2,成果物,0,1,"2018/10/02 01:52:40",0,0,0,7,0
72,1-2　10:テーマ,10:テーマの作業内容,2019/01/09,18:00,2019/01/08,2019/01/09,0,0,"no comment",2,10,10,1,成果物,0,1,"2018/10/02 01:52:40",1,0,0,11,0
73,1-2　11:テーマ,11:テーマの作業内容,2018/10/02,18:00,2018/09/27,2018/10/02,0,0,"no comment",2,11,11,2,成果物,0,1,"2018/10/02 01:52:40",0,0,0,12,0
74,1-2　12:テーマ,12:テーマの作業内容,2018/12/01,18:00,2018/11/30,2018/12/01,0,0,"no comment",2,12,12,1,成果物,0,1,"2018/10/02 01:52:40",0,0,0,11,0
75,1-2　13:インシデント関連,13:インシデント関連の作業内容,2018/11/07,18:00,2018/10/19,2018/11/07,0,0,"no comment",2,13,13,3,成果物,0,1,"2018/10/02 01:52:40",1,0,0,13,0
76,1-2　14:テーマ,14:テーマの作業内容,2018/10/05,18:00,2018/09/13,2018/10/05,0,0,"no comment",2,14,14,3,成果物,0,1,"2018/10/02 01:52:40",0,0,0,10,0
77,1-2　15:サービス関連,15:サービス関連の作業内容,2018/12/06,18:00,2018/11/16,2018/12/06,0,0,"no comment",2,15,15,3,成果物,0,1,"2018/10/02 01:52:40",1,0,0,12,0
78,1-2　20:テーマ,20:テーマの作業内容,2019/01/19,18:00,2019/01/10,2019/01/19,0,0,"no comment",2,16,16,1,成果物,0,1,"2018/10/02 01:52:40",1,0,0,7,0
79,1-2　30:テーマ,30:テーマの作業内容,2018/12/31,18:00,2018/12/19,2018/12/31,0,0,"no comment",2,17,17,4,成果物,0,1,"2018/10/02 01:52:40",1,0,0,9,0
80,1-2　40:テーマ以外,40:テーマ以外の作業内容,2018/10/13,18:00,2018/09/26,2018/10/13,0,0,"no comment",2,18,18,1,成果物,0,1,"2018/10/02 01:52:40",0,0,0,30,0
81,1-2　50:打ち合わせ,50:打ち合わせの作業内容,2018/10/11,18:00,2018/09/19,2018/10/11,0,0,"no comment",2,19,19,1,成果物,0,1,"2018/10/02 01:52:40",0,0,0,7,0
82,1-2　その他,その他の作業内容,2018/11/15,18:00,2018/11/15,2018/11/15,0,0,"no comment",2,20,20,2,成果物,0,1,"2018/10/02 01:52:40",0,0,0,14,0
83,1-3　1:テーマ,1:テーマの作業内容,2018/11/19,18:00,2018/11/09,2018/11/19,0,0,"no comment",2,1,1,0,成果物,0,1,"2018/10/02 01:52:40",1,0,0,8,0
84,1-3　2:テーマ,2:テーマの作業内容,2019/01/07,18:00,2019/01/03,2019/01/07,0,0,"no comment",2,2,2,2,成果物,0,1,"2018/10/02 01:52:40",0,0,0,5,0
85,1-3　3:テーマ,3:テーマの作業内容,2019/01/30,18:00,2019/01/08,2019/01/30,0,0,"no comment",2,3,3,2,成果物,0,1,"2018/10/02 01:52:40",1,0,0,12,0
86,1-3　4:テーマ,4:テーマの作業内容,2018/12/16,18:00,2018/11/22,2018/12/16,0,0,"no comment",2,4,4,2,成果物,0,1,"2018/10/02 01:52:40",1,0,0,14,0
87,1-3　5:テーマ,5:テーマの作業内容,2019/01/12,18:00,2018/12/25,2019/01/12,0,0,"no comment",2,5,5,0,成果物,0,1,"2018/10/02 01:52:40",0,0,0,24,0
88,1-3　6:テーマ,6:テーマの作業内容,2018/09/25,18:00,2018/09/12,2018/09/25,0,0,"no comment",2,6,6,3,成果物,0,1,"2018/10/02 01:52:40",0,0,0,12,0
89,1-3　7:テーマ,7:テーマの作業内容,2019/01/01,18:00,2018/12/16,2019/01/01,0,0,"no comment",2,7,7,2,成果物,0,1,"2018/10/02 01:52:40",0,0,0,15,0
90,1-3　8:テーマ,8:テーマの作業内容,2018/12/01,18:00,2018/11/25,2018/12/01,0,0,"no comment",2,8,8,0,成果物,0,1,"2018/10/02 01:52:40",0,0,0,19,0
91,1-3　9:テーマ,9:テーマの作業内容,2018/12/07,18:00,2018/11/13,2018/12/07,0,0,"no comment",2,9,9,0,成果物,0,1,"2018/10/02 01:52:40",0,0,0,12,0
92,1-3　10:テーマ,10:テーマの作業内容,2019/01/09,18:00,2019/01/08,2019/01/09,0,0,"no comment",2,10,10,0,成果物,0,1,"2018/10/02 01:52:40",1,0,0,13,0
93,1-3　11:テーマ,11:テーマの作業内容,2018/10/02,18:00,2018/09/27,2018/10/02,0,0,"no comment",2,11,11,0,成果物,0,1,"2018/10/02 01:52:40",0,0,0,16,0
94,1-3　12:テーマ,12:テーマの作業内容,2018/12/01,18:00,2018/11/30,2018/12/01,0,0,"no comment",2,12,12,2,成果物,0,1,"2018/10/02 01:52:40",0,0,0,14,0
95,1-3　13:インシデント関連,13:インシデント関連の作業内容,2018/11/07,18:00,2018/10/19,2018/11/07,0,0,"no comment",2,13,13,2,成果物,0,1,"2018/10/02 01:52:40",1,0,0,17,0
96,1-3　14:テーマ,14:テーマの作業内容,2018/10/05,18:00,2018/09/13,2018/10/05,0,0,"no comment",2,14,14,1,成果物,0,1,"2018/10/02 01:52:40",0,0,0,18,0
97,1-3　15:サービス関連,15:サービス関連の作業内容,2018/12/06,18:00,2018/11/16,2018/12/06,0,0,"no comment",2,15,15,3,成果物,0,1,"2018/10/02 01:52:40",1,0,0,16,0
98,1-3　20:テーマ,20:テーマの作業内容,2019/01/19,18:00,2019/01/10,2019/01/19,0,0,"no comment",2,16,16,4,成果物,0,1,"2018/10/02 01:52:40",1,0,0,9,0
99,1-3　30:テーマ,30:テーマの作業内容,2018/12/31,18:00,2018/12/19,2018/12/31,0,0,"no comment",2,17,17,1,成果物,0,1,"2018/10/02 01:52:40",1,0,0,32,0
100,1-3　40:テーマ以外,40:テーマ以外の作業内容,2018/10/13,18:00,2018/09/26,2018/10/13,0,0,"no comment",2,18,18,0,成果物,0,1,"2018/10/02 01:52:40",0,0,0,35,0
101,1-3　50:打ち合わせ,50:打ち合わせの作業内容,2018/10/11,18:00,2018/09/19,2018/10/11,0,0,"no comment",2,19,19,0,成果物,0,1,"2018/10/02 01:52:40",0,0,0,12,0
102,1-3　その他,その他の作業内容,2018/11/15,18:00,2018/11/15,2018/11/15,0,0,"no comment",2,20,20,2,成果物,0,1,"2018/10/02 01:52:40",0,0,0,29,0
103,1-4　1:テーマ,1:テーマの作業内容,2018/11/19,18:00,2018/11/09,2018/11/19,0,0,"no comment",2,1,1,0,成果物,0,1,"2018/10/02 01:52:40",1,0,0,9,0
104,1-4　2:テーマ,2:テーマの作業内容,2019/01/07,18:00,2019/01/03,2019/01/07,0,0,"no comment",2,2,2,1,成果物,0,1,"2018/10/02 01:52:40",0,0,0,10,0
105,1-4　3:テーマ,3:テーマの作業内容,2019/01/30,18:00,2019/01/08,2019/01/30,0,0,"no comment",2,3,3,2,成果物,0,1,"2018/10/02 01:52:40",1,0,0,18,0
106,1-4　4:テーマ,4:テーマの作業内容,2018/12/16,18:00,2018/11/22,2018/12/16,0,0,"no comment",2,4,4,0,成果物,0,1,"2018/10/02 01:52:40",1,0,0,20,0
107,1-4　5:テーマ,5:テーマの作業内容,2019/01/12,18:00,2018/12/25,2019/01/12,0,0,"no comment",2,5,5,1,成果物,0,1,"2018/10/02 01:52:40",0,0,0,25,0
108,1-4　6:テーマ,6:テーマの作業内容,2018/09/25,18:00,2018/09/12,2018/09/25,0,0,"no comment",2,6,6,0,成果物,0,1,"2018/10/02 01:52:40",0,0,0,23,0
109,1-4　7:テーマ,7:テーマの作業内容,2019/01/01,18:00,2018/12/16,2019/01/01,0,0,"no comment",2,7,7,0,成果物,0,1,"2018/10/02 01:52:40",0,0,0,21,0
110,1-4　8:テーマ,8:テーマの作業内容,2018/12/01,18:00,2018/11/25,2018/12/01,0,0,"no comment",2,8,8,0,成果物,0,1,"2018/10/02 01:52:40",0,0,0,20,0
111,1-4　9:テーマ,9:テーマの作業内容,2018/12/07,18:00,2018/11/13,2018/12/07,0,0,"no comment",2,9,9,1,成果物,0,1,"2018/10/02 01:52:40",0,0,0,13,0
112,1-4　10:テーマ,10:テーマの作業内容,2019/01/09,18:00,2019/01/08,2019/01/09,0,0,"no comment",2,10,10,1,成果物,0,1,"2018/10/02 01:52:40",1,0,0,14,0
113,1-4　11:テーマ,11:テーマの作業内容,2018/10/02,18:00,2018/09/27,2018/10/02,0,0,"no comment",2,11,11,2,成果物,0,1,"2018/10/02 01:52:40",0,0,0,17,0
114,1-4　12:テーマ,12:テーマの作業内容,2018/12/01,18:00,2018/11/30,2018/12/01,0,0,"no comment",2,12,12,1,成果物,0,1,"2018/10/02 01:52:40",0,0,0,19,0
115,1-4　13:インシデント関連,13:インシデント関連の作業内容,2018/11/07,18:00,2018/10/19,2018/11/07,0,0,"no comment",2,13,13,2,成果物,0,1,"2018/10/02 01:52:40",1,0,0,22,0
116,1-4　14:テーマ,14:テーマの作業内容,2018/10/05,18:00,2018/09/13,2018/10/05,0,0,"no comment",2,14,14,1,成果物,0,1,"2018/10/02 01:52:40",0,0,0,21,0
117,1-4　15:サービス関連,15:サービス関連の作業内容,2018/12/06,18:00,2018/11/16,2018/12/06,0,0,"no comment",2,15,15,1,成果物,0,1,"2018/10/02 01:52:40",1,0,0,23,0
118,1-4　20:テーマ,20:テーマの作業内容,2019/01/19,18:00,2019/01/10,2019/01/19,0,0,"no comment",2,16,16,4,成果物,0,1,"2018/10/02 01:52:40",1,0,0,14,0
119,1-4　30:テーマ,30:テーマの作業内容,2018/12/31,18:00,2018/12/19,2018/12/31,0,0,"no comment",2,17,17,4,成果物,0,1,"2018/10/02 01:52:40",1,0,0,36,0
120,1-4　40:テーマ以外,40:テーマ以外の作業内容,2018/10/13,18:00,2018/09/26,2018/10/13,0,0,"no comment",2,18,18,3,成果物,0,1,"2018/10/02 01:52:40",0,0,0,36,0
121,1-4　50:打ち合わせ,50:打ち合わせの作業内容,2018/10/11,18:00,2018/09/19,2018/10/11,0,0,"no comment",2,19,19,0,成果物,0,1,"2018/10/02 01:52:40",0,0,0,13,0
122,1-4　その他,その他の作業内容,2018/11/15,18:00,2018/11/15,2018/11/15,0,0,"no comment",2,20,20,0,成果物,0,1,"2018/10/02 01:52:40",0,0,0,35,0
123,1-6　3:テーマ,1-6　3:テーマの作業内容,2019/01/30,18:00,2019/01/08,2019/01/30,0,0,"no comment",2,3,3,1,成果物,0,1,"2018/10/02 01:52:40",1,0,0,2,0
124,2-1　12:テーマ,2-1　12:テーマの作業内容,2018/12/01,18:00,2018/11/30,2018/12/01,0,0,"no comment",3,12,74,1,成果物,0,1,"2018/10/02 01:52:40",0,0,0,12,0
125,2-1　12:テーマ,2-1　12:テーマの作業内容,2018/12/01,18:00,2018/11/30,2018/12/01,0,0,"no comment",3,12,54,1,成果物,0,1,"2018/10/02 01:52:40",0,0,0,9,0
126,1-6　40:テーマ以外,1-6　40:テーマ以外の作業内容,2018/10/13,18:00,2018/09/26,2018/10/13,0,0,"no comment",2,18,18,1,成果物,0,1,"2018/10/02 01:52:40",0,0,0,5,0
127,2-1　3:テーマ,2-1　3:テーマの作業内容,2019/01/30,18:00,2019/01/08,2019/01/30,0,0,"no comment",3,3,105,4,成果物,0,1,"2018/10/02 01:52:40",1,0,0,20,0
128,2-1　6:テーマ,2-1　6:テーマの作業内容,2018/09/25,18:00,2018/09/12,2018/09/25,0,0,"no comment",3,6,88,0,成果物,0,1,"2018/10/02 01:52:40",0,0,0,22,0
129,2-1　5:テーマ,2-1　5:テーマの作業内容,2019/01/12,18:00,2018/12/25,2019/01/12,0,0,"no comment",3,5,47,1,成果物,0,1,"2018/10/02 01:52:40",0,0,0,14,0
130,1-6　10:テーマ,1-6　10:テーマの作業内容,2019/01/09,18:00,2019/01/08,2019/01/09,0,0,"no comment",2,10,10,2,成果物,0,1,"2018/10/02 01:52:40",1,0,0,3,0
131,2-1　14:テーマ,2-1　14:テーマの作業内容,2018/10/05,18:00,2018/09/13,2018/10/05,0,0,"no comment",3,14,36,1,成果物,0,1,"2018/10/02 01:52:40",0,0,0,4,0
132,2-1　15:サービス関連,2-1　15:サービス関連の作業内容,2018/12/06,18:00,2018/11/16,2018/12/06,0,0,"no comment",3,15,97,2,成果物,0,1,"2018/10/02 01:52:40",1,0,0,20,0
133,2-1　14:テーマ,2-1　14:テーマの作業内容,2018/10/05,18:00,2018/09/13,2018/10/05,0,0,"no comment",3,14,76,0,成果物,0,1,"2018/10/02 01:52:40",0,0,0,17,0
134,2-1　40:テーマ以外,2-1　40:テーマ以外の作業内容,2018/10/13,18:00,2018/09/26,2018/10/13,0,0,"no comment",3,18,40,6,成果物,0,1,"2018/10/02 01:52:40",0,0,0,12,0
135,2-2　3:テーマ,2-2　3:テーマの作業内容,2019/01/30,18:00,2019/01/08,2019/01/30,0,0,"no comment",3,3,105,0,成果物,0,1,"2018/10/02 01:52:40",1,0,0,19,0
136,2-1　5:テーマ,2-1　5:テーマの作業内容,2019/01/12,18:00,2018/12/25,2019/01/12,0,0,"no comment",3,5,107,1,成果物,0,1,"2018/10/02 01:52:40",0,0,0,26,0
137,2-1　40:テーマ以外,2-1　40:テーマ以外の作業内容,2018/10/13,18:00,2018/09/26,2018/10/13,0,0,"no comment",3,18,126,1,成果物,0,1,"2018/10/02 01:52:40",0,0,0,6,0
138,3-1　3:テーマ,3-1　3:テーマの作業内容,2019/01/30,18:00,2019/01/08,2019/01/30,0,0,"no comment",4,3,127,0,成果物,0,1,"2018/10/02 01:52:40",1,0,0,39,0
139,2-1　40:テーマ以外,2-1　40:テーマ以外の作業内容,2018/10/13,18:00,2018/09/26,2018/10/13,0,0,"no comment",3,18,120,1,成果物,0,1,"2018/10/02 01:52:40",0,0,0,46,0
140,2-1　30:テーマ,2-1　30:テーマの作業内容,2018/12/31,18:00,2018/12/19,2018/12/31,0,0,"no comment",3,17,39,1,成果物,0,1,"2018/10/02 01:52:40",1,0,0,5,0
141,1-1　22　　テーマ外の作業,1-1　22　　テーマ外の作業の作業内容,2018/10/21,18:00,2018/09/29,2018/10/21,0,0,"no comment",2,22,22,2,成果物,0,1,"2018/10/02 01:52:40",0,0,0,1,0
142,2-1　13:インシデント関連,2-1　13:インシデント関連の作業内容,2018/11/07,18:00,2018/10/19,2018/11/07,0,0,"no comment",3,13,75,0,成果物,0,1,"2018/10/02 01:52:40",1,0,0,16,0
143,1-6　14:テーマ,1-6　14:テーマの作業内容,2018/10/05,18:00,2018/09/13,2018/10/05,0,0,"no comment",2,14,14,0,成果物,0,1,"2018/10/02 01:52:40",0,0,0,2,0
144,2-2　14:テーマ,2-2　14:テーマの作業内容,2018/10/05,18:00,2018/09/13,2018/10/05,0,0,"no comment",3,14,76,2,成果物,0,1,"2018/10/02 01:52:40",0,0,0,12,0
145,1-7　40:テーマ以外,1-7　40:テーマ以外の作業内容,2018/10/13,18:00,2018/09/26,2018/10/13,0,0,"no comment",2,18,18,1,成果物,0,1,"2018/10/02 01:52:40",0,0,0,1,0
146,2-1　6:テーマ,2-1　6:テーマの作業内容,2018/09/25,18:00,2018/09/12,2018/09/25,0,0,"no comment",3,6,68,2,成果物,0,1,"2018/10/02 01:52:40",0,0,0,9,0
147,2-1　13:インシデント関連,2-1　13:インシデント関連の作業内容,2018/11/07,18:00,2018/10/19,2018/11/07,0,0,"no comment",3,13,55,1,成果物,0,1,"2018/10/02 01:52:40",1,0,0,8,0
148,2-1　その他,2-1　その他の作業内容,2018/11/15,18:00,2018/11/15,2018/11/15,0,0,"no comment",3,20,82,3,成果物,0,1,"2018/10/02 01:52:40",0,0,0,18,0
149,2-2　15:サービス関連,2-2　15:サービス関連の作業内容,2018/12/06,18:00,2018/11/16,2018/12/06,0,0,"no comment",3,15,97,0,成果物,0,1,"2018/10/02 01:52:40",1,0,0,19,0
150,3-1　40:テーマ以外,3-1　40:テーマ以外の作業内容,2018/10/13,18:00,2018/09/26,2018/10/13,0,0,"no comment",4,18,134,4,成果物,0,1,"2018/10/02 01:52:40",0,0,0,23,0
151,2-1　その他,2-1　その他の作業内容,2018/11/15,18:00,2018/11/15,2018/11/15,0,0,"no comment",3,20,62,3,成果物,0,1,"2018/10/02 01:52:40",0,0,0,5,0
152,2-1　3:テーマ,2-1　3:テーマの作業内容,2019/01/30,18:00,2019/01/08,2019/01/30,0,0,"no comment",3,3,65,0,成果物,0,1,"2018/10/02 01:52:40",1,0,0,11,0
153,3-1　6:テーマ,3-1　6:テーマの作業内容,2018/09/25,18:00,2018/09/12,2018/09/25,0,0,"no comment",4,6,146,0,成果物,0,1,"2018/10/02 01:52:40",0,0,0,11,0
154,2-1　4:テーマ,2-1　4:テーマの作業内容,2018/12/16,18:00,2018/11/22,2018/12/16,0,0,"no comment",3,4,26,0,成果物,0,1,"2018/10/02 01:52:40",1,0,0,7,0
155,3-1　13:インシデント関連,3-1　13:インシデント関連の作業内容,2018/11/07,18:00,2018/10/19,2018/11/07,0,0,"no comment",4,13,147,2,成果物,0,1,"2018/10/02 01:52:40",1,0,0,9,0
156,2-1　9:テーマ,2-1　9:テーマの作業内容,2018/12/07,18:00,2018/11/13,2018/12/07,0,0,"no comment",3,9,71,1,成果物,0,1,"2018/10/02 01:52:40",0,0,0,9,0
157,3-1　40:テーマ以外,3-1　40:テーマ以外の作業内容,2018/10/13,18:00,2018/09/26,2018/10/13,0,0,"no comment",4,18,137,0,成果物,0,1,"2018/10/02 01:52:40",0,0,0,7,0
158,2-1　4:テーマ,2-1　4:テーマの作業内容,2018/12/16,18:00,2018/11/22,2018/12/16,0,0,"no comment",3,4,46,2,成果物,0,1,"2018/10/02 01:52:40",1,0,0,9,0
159,2-1　11:テーマ,2-1　11:テーマの作業内容,2018/10/02,18:00,2018/09/27,2018/10/02,0,0,"no comment",3,11,33,2,成果物,0,1,"2018/10/02 01:52:40",0,0,0,8,0
160,2-1　その他,2-1　その他の作業内容,2018/11/15,18:00,2018/11/15,2018/11/15,0,0,"no comment",3,20,102,0,成果物,0,1,"2018/10/02 01:52:40",0,0,0,34,0
161,2-1　7:テーマ,2-1　7:テーマの作業内容,2019/01/01,18:00,2018/12/16,2019/01/01,0,0,"no comment",3,7,69,1,成果物,0,1,"2018/10/02 01:52:40",0,0,0,13,0
162,3-1　15:サービス関連,3-1　15:サービス関連の作業内容,2018/12/06,18:00,2018/11/16,2018/12/06,0,0,"no comment",4,15,132,0,成果物,0,1,"2018/10/02 01:52:40",1,0,0,22,0
163,2-1　3:テーマ,2-1　3:テーマの作業内容,2019/01/30,18:00,2019/01/08,2019/01/30,0,0,"no comment",3,3,45,0,成果物,0,1,"2018/10/02 01:52:40",1,0,0,8,0
164,2-1　8:テーマ,2-1　8:テーマの作業内容,2018/12/01,18:00,2018/11/25,2018/12/01,0,0,"no comment",3,8,50,1,成果物,0,1,"2018/10/02 01:52:40",0,0,0,13,0
165,1-6　12:テーマ,1-6　12:テーマの作業内容,2018/12/01,18:00,2018/11/30,2018/12/01,0,0,"no comment",2,12,12,2,成果物,0,1,"2018/10/02 01:52:40",0,0,0,3,0
166,2-1　12:テーマ,2-1　12:テーマの作業内容,2018/12/01,18:00,2018/11/30,2018/12/01,0,0,"no comment",3,12,94,1,成果物,0,1,"2018/10/02 01:52:40",0,0,0,16,0
167,2-1　15:サービス関連,2-1　15:サービス関連の作業内容,2018/12/06,18:00,2018/11/16,2018/12/06,0,0,"no comment",3,15,37,0,成果物,0,1,"2018/10/02 01:52:40",1,0,0,7,0
168,3-1　14:テーマ,3-1　14:テーマの作業内容,2018/10/05,18:00,2018/09/13,2018/10/05,0,0,"no comment",4,14,144,0,成果物,0,1,"2018/10/02 01:52:40",0,0,0,16,0
169,2-2　その他,2-2　その他の作業内容,2018/11/15,18:00,2018/11/15,2018/11/15,0,0,"no comment",3,20,102,2,成果物,0,1,"2018/10/02 01:52:40",0,0,0,30,0
170,2-1　15:サービス関連,2-1　15:サービス関連の作業内容,2018/12/06,18:00,2018/11/16,2018/12/06,0,0,"no comment",3,15,57,1,成果物,0,1,"2018/10/02 01:52:40",1,0,0,9,0
171,3-1　5:テーマ,3-1　5:テーマの作業内容,2019/01/12,18:00,2018/12/25,2019/01/12,0,0,"no comment",4,5,136,1,成果物,0,1,"2018/10/02 01:52:40",0,0,0,27,0
172,3-2　40:テーマ以外,3-2　40:テーマ以外の作業内容,2018/10/13,18:00,2018/09/26,2018/10/13,0,0,"no comment",4,18,134,1,成果物,0,1,"2018/10/02 01:52:40",0,0,0,21,0
173,2-1　30:テーマ,2-1　30:テーマの作業内容,2018/12/31,18:00,2018/12/19,2018/12/31,0,0,"no comment",3,17,79,4,成果物,0,1,"2018/10/02 01:52:40",1,0,0,16,0
174,2-2　40:テーマ以外,2-2　40:テーマ以外の作業内容,2018/10/13,18:00,2018/09/26,2018/10/13,0,0,"no comment",3,18,40,0,成果物,0,1,"2018/10/02 01:52:40",0,0,0,11,0
175,2-1　50:打ち合わせ,2-1　50:打ち合わせの作業内容,2018/10/11,18:00,2018/09/19,2018/10/11,0,0,"no comment",3,19,41,1,成果物,0,1,"2018/10/02 01:52:40",0,0,0,4,0
176,3-3　40:テーマ以外,3-3　40:テーマ以外の作業内容,2018/10/13,18:00,2018/09/26,2018/10/13,0,0,"no comment",4,18,134,1,成果物,0,1,"2018/10/02 01:52:40",0,0,0,19,0
177,2-1　20:テーマ,2-1　20:テーマの作業内容,2019/01/19,18:00,2019/01/10,2019/01/19,0,0,"no comment",3,16,38,1,成果物,0,1,"2018/10/02 01:52:40",1,0,0,4,0
178,2-2　その他,2-2　その他の作業内容,2018/11/15,18:00,2018/11/15,2018/11/15,0,0,"no comment",3,20,82,1,成果物,0,1,"2018/10/02 01:52:40",0,0,0,15,0
179,3-1　5:テーマ,3-1　5:テーマの作業内容,2019/01/12,18:00,2018/12/25,2019/01/12,0,0,"no comment",4,5,129,1,成果物,0,1,"2018/10/02 01:52:40",0,0,0,15,0
180,4-1　40:テーマ以外,4-1　40:テーマ以外の作業内容,2018/10/13,18:00,2018/09/26,2018/10/13,0,0,"no comment",5,18,150,1,成果物,0,1,"2018/10/02 01:52:40",0,0,0,27,0
181,2-1　14:テーマ,2-1　14:テーマの作業内容,2018/10/05,18:00,2018/09/13,2018/10/05,0,0,"no comment",3,14,96,1,成果物,0,1,"2018/10/02 01:52:40",0,0,0,19,0
182,2-2　50:打ち合わせ,2-2　50:打ち合わせの作業内容,2018/10/11,18:00,2018/09/19,2018/10/11,0,0,"no comment",3,19,41,0,成果物,0,1,"2018/10/02 01:52:40",0,0,0,3,0
183,2-1　8:テーマ,2-1　8:テーマの作業内容,2018/12/01,18:00,2018/11/25,2018/12/01,0,0,"no comment",3,8,70,1,成果物,0,1,"2018/10/02 01:52:40",0,0,0,17,0
184,3-2　3:テーマ,3-2　3:テーマの作業内容,2019/01/30,18:00,2019/01/08,2019/01/30,0,0,"no comment",4,3,127,3,成果物,0,1,"2018/10/02 01:52:40",1,0,0,31,0
185,2-1　7:テーマ,2-1　7:テーマの作業内容,2019/01/01,18:00,2018/12/16,2019/01/01,0,0,"no comment",3,7,89,0,成果物,0,1,"2018/10/02 01:52:40",0,0,0,20,0
186,2-1　9:テーマ,2-1　9:テーマの作業内容,2018/12/07,18:00,2018/11/13,2018/12/07,0,0,"no comment",3,9,111,0,成果物,0,1,"2018/10/02 01:52:40",0,0,0,14,0
187,3-1　その他,3-1　その他の作業内容,2018/11/15,18:00,2018/11/15,2018/11/15,0,0,"no comment",4,20,151,1,成果物,0,1,"2018/10/02 01:52:40",0,0,0,12,0
188,2-1　10:テーマ,2-1　10:テーマの作業内容,2019/01/09,18:00,2019/01/08,2019/01/09,0,0,"no comment",3,10,72,0,成果物,0,1,"2018/10/02 01:52:40",1,0,0,12,0
189,2-1　3:テーマ,2-1　3:テーマの作業内容,2019/01/30,18:00,2019/01/08,2019/01/30,0,0,"no comment",3,3,85,2,成果物,0,1,"2018/10/02 01:52:40",1,0,0,14,0
190,2-1　12:テーマ,2-1　12:テーマの作業内容,2018/12/01,18:00,2018/11/30,2018/12/01,0,0,"no comment",3,12,114,1,成果物,0,1,"2018/10/02 01:52:40",0,0,0,20,0
191,2-1　1:テーマ,2-1　1:テーマの作業内容,2018/11/19,18:00,2018/11/09,2018/11/19,0,0,"no comment",3,1,43,0,成果物,0,1,"2018/10/02 01:52:40",1,0,0,5,0
192,1-6　8:テーマ,1-6　8:テーマの作業内容,2018/12/01,18:00,2018/11/25,2018/12/01,0,0,"no comment",2,8,8,2,成果物,0,1,"2018/10/02 01:52:40",0,0,0,2,0
193,3-1　3:テーマ,3-1　3:テーマの作業内容,2019/01/30,18:00,2019/01/08,2019/01/30,0,0,"no comment",4,3,189,1,成果物,0,1,"2018/10/02 01:52:40",1,0,0,16,0
194,3-4　40:テーマ以外,3-4　40:テーマ以外の作業内容,2018/10/13,18:00,2018/09/26,2018/10/13,0,0,"no comment",4,18,134,2,成果物,0,1,"2018/10/02 01:52:40",0,0,0,16,0
195,3-5　40:テーマ以外,3-5　40:テーマ以外の作業内容,2018/10/13,18:00,2018/09/26,2018/10/13,0,0,"no comment",4,18,134,1,成果物,0,1,"2018/10/02 01:52:40",0,0,0,14,0
196,2-1　30:テーマ,2-1　30:テーマの作業内容,2018/12/31,18:00,2018/12/19,2018/12/31,0,0,"no comment",3,17,99,1,成果物,0,1,"2018/10/02 01:52:40",1,0,0,33,0
197,1-7　14:テーマ,1-7　14:テーマの作業内容,2018/10/05,18:00,2018/09/13,2018/10/05,0,0,"no comment",2,14,14,0,成果物,0,1,"2018/10/02 01:52:40",0,0,0,1,0
198,2-1　30:テーマ,2-1　30:テーマの作業内容,2018/12/31,18:00,2018/12/19,2018/12/31,0,0,"no comment",3,17,119,1,成果物,0,1,"2018/10/02 01:52:40",1,0,0,43,0
199,3-2　その他,3-2　その他の作業内容,2018/11/15,18:00,2018/11/15,2018/11/15,0,0,"no comment",4,20,151,2,成果物,0,1,"2018/10/02 01:52:40",0,0,0,7,0
200,2-2　8:テーマ,2-2　8:テーマの作業内容,2018/12/01,18:00,2018/11/25,2018/12/01,0,0,"no comment",3,8,70,0,成果物,0,1,"2018/10/02 01:52:40",0,0,0,16,0
201,3-1　その他,3-1　その他の作業内容,2018/11/15,18:00,2018/11/15,2018/11/15,0,0,"no comment",4,20,148,4,成果物,0,1,"2018/10/02 01:52:40",0,0,0,21,0
202,2-1　5:テーマ,2-1　5:テーマの作業内容,2019/01/12,18:00,2018/12/25,2019/01/12,25,0,"no comment",3,5,27,1,成果物,0,1,"2018/10/02 01:52:40",0,0,0,5,0
203,2-1　9:テーマ,2-1　9:テーマの作業内容,2018/12/07,18:00,2018/11/13,2018/12/07,0,0,"no comment",3,9,31,0,成果物,0,1,"2018/10/02 01:52:40",0,0,0,3,0
204,2-2　3:テーマ,2-2　3:テーマの作業内容,2019/01/30,18:00,2019/01/08,2019/01/30,0,0,"no comment",3,3,45,0,成果物,0,1,"2018/10/02 01:52:40",1,0,0,7,0
205,2-1　20:テーマ,2-1　20:テーマの作業内容,2019/01/19,18:00,2019/01/10,2019/01/19,0,0,"no comment",3,16,118,0,成果物,0,1,"2018/10/02 01:52:40",1,0,0,18,0
206,2-1　13:インシデント関連,2-1　13:インシデント関連の作業内容,2018/11/07,18:00,2018/10/19,2018/11/07,0,0,"no comment",3,13,115,3,成果物,0,1,"2018/10/02 01:52:40",1,0,0,24,0
207,2-2　7:テーマ,2-2　7:テーマの作業内容,2019/01/01,18:00,2018/12/16,2019/01/01,0,0,"no comment",3,7,69,2,成果物,0,1,"2018/10/02 01:52:40",0,0,0,9,0
208,3-1　5:テーマ,3-1　5:テーマの作業内容,2019/01/12,18:00,2018/12/25,2019/01/12,25,0,"no comment",4,5,202,2,成果物,0,1,"2018/10/02 01:52:40",0,0,0,6,0
209,3-1　9:テーマ,3-1　9:テーマの作業内容,2018/12/07,18:00,2018/11/13,2018/12/07,0,0,"no comment",4,9,156,1,成果物,0,1,"2018/10/02 01:52:40",0,0,0,10,0
210,2-1　14:テーマ,2-1　14:テーマの作業内容,2018/10/05,18:00,2018/09/13,2018/10/05,0,0,"no comment",3,14,56,1,成果物,0,1,"2018/10/02 01:52:40",0,0,0,7,0
211,3-3　3:テーマ,3-3　3:テーマの作業内容,2019/01/30,18:00,2019/01/08,2019/01/30,0,0,"no comment",4,3,127,1,成果物,0,1,"2018/10/02 01:52:40",1,0,0,29,0
212,2-1　10:テーマ,2-1　10:テーマの作業内容,2019/01/09,18:00,2019/01/08,2019/01/09,0,0,"no comment",3,10,112,1,成果物,0,1,"2018/10/02 01:52:40",1,0,0,15,0
213,3-1　7:テーマ,3-1　7:テーマの作業内容,2019/01/01,18:00,2018/12/16,2019/01/01,0,0,"no comment",4,7,207,1,成果物,0,1,"2018/10/02 01:52:40",0,0,0,11,0
214,3-1　30:テーマ,3-1　30:テーマの作業内容,2018/12/31,18:00,2018/12/19,2018/12/31,0,0,"no comment",4,17,173,2,成果物,0,1,"2018/10/02 01:52:40",1,0,0,26,0
215,3-4　3:テーマ,3-4　3:テーマの作業内容,2019/01/30,18:00,2019/01/08,2019/01/30,0,0,"no comment",4,3,127,3,成果物,0,1,"2018/10/02 01:52:40",1,0,0,21,0
216,4-1　5:テーマ,4-1　5:テーマの作業内容,2019/01/12,18:00,2018/12/25,2019/01/12,50,0,"no comment",5,5,208,2,成果物,0,1,"2018/10/02 01:52:40",0,0,0,8,0
217,2-1　7:テーマ,2-1　7:テーマの作業内容,2019/01/01,18:00,2018/12/16,2019/01/01,0,0,"no comment",3,7,49,1,成果物,0,1,"2018/10/02 01:52:40",0,0,0,3,0
218,2-2　40:テーマ以外,2-2　40:テーマ以外の作業内容,2018/10/13,18:00,2018/09/26,2018/10/13,0,0,"no comment",3,18,120,2,成果物,0,1,"2018/10/02 01:52:40",0,0,0,39,0
219,2-2　13:インシデント関連,2-2　13:インシデント関連の作業内容,2018/11/07,18:00,2018/10/19,2018/11/07,0,0,"no comment",3,13,75,0,成果物,0,1,"2018/10/02 01:52:40",1,0,0,15,0
220,1-6　4:テーマ,1-6　4:テーマの作業内容,2018/12/16,18:00,2018/11/22,2018/12/16,0,0,"no comment",2,4,4,1,成果物,0,1,"2018/10/02 01:52:40",1,0,0,1,0
221,2-1　20:テーマ,2-1　20:テーマの作業内容,2019/01/19,18:00,2019/01/10,2019/01/19,0,0,"no comment",3,16,98,0,成果物,0,1,"2018/10/02 01:52:40",1,0,0,13,0
222,3-1　7:テーマ,3-1　7:テーマの作業内容,2019/01/01,18:00,2018/12/16,2019/01/01,0,0,"no comment",4,7,161,0,成果物,0,1,"2018/10/02 01:52:40",0,0,0,14,0
223,5-1　5:テーマ,5-1　5:テーマの作業内容,2019/01/12,18:00,2018/12/25,2019/01/12,0,0,"no comment",6,5,216,0,成果物,0,1,"2018/10/02 01:52:40",0,0,0,12,0
224,3-1　その他,3-1　その他の作業内容,2018/11/15,18:00,2018/11/15,2018/11/15,0,0,"no comment",4,20,178,1,成果物,0,1,"2018/10/02 01:52:40",0,0,0,16,0
225,2-1　11:テーマ,2-1　11:テーマの作業内容,2018/10/02,18:00,2018/09/27,2018/10/02,0,0,"no comment",3,11,113,1,成果物,0,1,"2018/10/02 01:52:40",0,0,0,19,0
226,2-2　3:テーマ,2-2　3:テーマの作業内容,2019/01/30,18:00,2019/01/08,2019/01/30,0,0,"no comment",3,3,65,0,成果物,0,1,"2018/10/02 01:52:40",1,0,0,10,0
227,1-6　13:インシデント関連,1-6　13:インシデント関連の作業内容,2018/11/07,18:00,2018/10/19,2018/11/07,0,0,"no comment",2,13,13,0,成果物,0,1,"2018/10/02 01:52:40",1,0,0,4,0
228,1-7　10:テーマ,1-7　10:テーマの作業内容,2019/01/09,18:00,2019/01/08,2019/01/09,0,0,"no comment",2,10,10,0,成果物,0,1,"2018/10/02 01:52:40",1,0,0,2,0
229,1-7　8:テーマ,1-7　8:テーマの作業内容,2018/12/01,18:00,2018/11/25,2018/12/01,0,0,"no comment",2,8,8,0,成果物,0,1,"2018/10/02 01:52:40",0,0,0,1,0
230,2-2　6:テーマ,2-2　6:テーマの作業内容,2018/09/25,18:00,2018/09/12,2018/09/25,0,0,"no comment",3,6,88,2,成果物,0,1,"2018/10/02 01:52:40",0,0,0,17,0
231,2-2　5:テーマ,2-2　5:テーマの作業内容,2019/01/12,18:00,2018/12/25,2019/01/12,0,0,"no comment",3,5,27,1,成果物,0,1,"2018/10/02 01:52:40",0,0,0,3,0
232,2-1　9:テーマ,2-1　9:テーマの作業内容,2018/12/07,18:00,2018/11/13,2018/12/07,0,0,"no comment",3,9,51,0,成果物,0,1,"2018/10/02 01:52:40",0,0,0,6,0
233,4-1　40:テーマ以外,4-1　40:テーマ以外の作業内容,2018/10/13,18:00,2018/09/26,2018/10/13,0,0,"no comment",5,18,194,0,成果物,0,1,"2018/10/02 01:52:40",0,0,0,18,0
234,2-2　15:サービス関連,2-2　15:サービス関連の作業内容,2018/12/06,18:00,2018/11/16,2018/12/06,0,0,"no comment",3,15,37,1,成果物,0,1,"2018/10/02 01:52:40",1,0,0,4,0
235,3-2　30:テーマ,3-2　30:テーマの作業内容,2018/12/31,18:00,2018/12/19,2018/12/31,0,0,"no comment",4,17,173,1,成果物,0,1,"2018/10/02 01:52:40",1,0,0,24,0
236,1-6　30:テーマ,1-6　30:テーマの作業内容,2018/12/31,18:00,2018/12/19,2018/12/31,0,0,"no comment",2,17,17,1,成果物,0,1,"2018/10/02 01:52:40",1,0,0,2,0
237,2-2　20:テーマ,2-2　20:テーマの作業内容,2019/01/19,18:00,2019/01/10,2019/01/19,0,0,"no comment",3,16,98,0,成果物,0,1,"2018/10/02 01:52:40",1,0,0,12,0
238,3-1　11:テーマ,3-1　11:テーマの作業内容,2018/10/02,18:00,2018/09/27,2018/10/02,0,0,"no comment",4,11,225,0,成果物,0,1,"2018/10/02 01:52:40",0,0,0,20,0
239,4-1　5:テーマ,4-1　5:テーマの作業内容,2019/01/12,18:00,2018/12/25,2019/01/12,0,0,"no comment",5,5,171,0,成果物,0,1,"2018/10/02 01:52:40",0,0,0,28,0
240,2-1　40:テーマ以外,2-1　40:テーマ以外の作業内容,2018/10/13,18:00,2018/09/26,2018/10/13,0,0,"no comment",3,18,80,2,成果物,0,1,"2018/10/02 01:52:40",0,0,0,31,0
241,1-6　11:テーマ,1-6　11:テーマの作業内容,2018/10/02,18:00,2018/09/27,2018/10/02,0,0,"no comment",2,11,11,2,成果物,0,1,"2018/10/02 01:52:40",0,0,0,3,0
242,1-7　13:インシデント関連,1-7　13:インシデント関連の作業内容,2018/11/07,18:00,2018/10/19,2018/11/07,0,0,"no comment",2,13,13,2,成果物,0,1,"2018/10/02 01:52:40",1,0,0,1,0
243,4-1　3:テーマ,4-1　3:テーマの作業内容,2019/01/30,18:00,2019/01/08,2019/01/30,0,0,"no comment",5,3,215,0,成果物,0,1,"2018/10/02 01:52:40",1,0,0,28,0
244,3-1　15:サービス関連,3-1　15:サービス関連の作業内容,2018/12/06,18:00,2018/11/16,2018/12/06,0,0,"no comment",4,15,234,1,成果物,0,1,"2018/10/02 01:52:40",1,0,0,5,0
245,3-1　12:テーマ,3-1　12:テーマの作業内容,2018/12/01,18:00,2018/11/30,2018/12/01,0,0,"no comment",4,12,166,1,成果物,0,1,"2018/10/02 01:52:40",0,0,0,17,0
246,2-1　40:テーマ以外,2-1　40:テーマ以外の作業内容,2018/10/13,18:00,2018/09/26,2018/10/13,0,0,"no comment",3,18,145,1,成果物,0,1,"2018/10/02 01:52:40",0,0,0,2,0
247,3-1　40:テーマ以外,3-1　40:テーマ以外の作業内容,2018/10/13,18:00,2018/09/26,2018/10/13,0,0,"no comment",4,18,218,2,成果物,0,1,"2018/10/02 01:52:40",0,0,0,43,0
248,4-2　3:テーマ,4-2　3:テーマの作業内容,2019/01/30,18:00,2019/01/08,2019/01/30,0,0,"no comment",5,3,215,3,成果物,0,1,"2018/10/02 01:52:40",1,0,0,23,0
249,2-1　15:サービス関連,2-1　15:サービス関連の作業内容,2018/12/06,18:00,2018/11/16,2018/12/06,0,0,"no comment",3,15,77,0,成果物,0,1,"2018/10/02 01:52:40",1,0,0,15,0
250,5-1　40:テーマ以外,5-1　40:テーマ以外の作業内容,2018/10/13,18:00,2018/09/26,2018/10/13,0,0,"no comment",6,18,180,0,成果物,0,1,"2018/10/02 01:52:40",0,0,0,28,0
251,2-3　7:テーマ,2-3　7:テーマの作業内容,2019/01/01,18:00,2018/12/16,2019/01/01,0,0,"no comment",3,7,69,1,成果物,0,1,"2018/10/02 01:52:40",0,0,0,7,0
252,2-3　3:テーマ,2-3　3:テーマの作業内容,2019/01/30,18:00,2019/01/08,2019/01/30,0,0,"no comment",3,3,45,0,成果物,0,1,"2018/10/02 01:52:40",1,0,0,6,0
253,2-3　6:テーマ,2-3　6:テーマの作業内容,2018/09/25,18:00,2018/09/12,2018/09/25,0,0,"no comment",3,6,88,2,成果物,0,1,"2018/10/02 01:52:40",0,0,0,13,0
254,1-7　12:テーマ,1-7　12:テーマの作業内容,2018/12/01,18:00,2018/11/30,2018/12/01,0,0,"no comment",2,12,12,1,成果物,0,1,"2018/10/02 01:52:40",0,0,0,1,0
255,2-2　30:テーマ,2-2　30:テーマの作業内容,2018/12/31,18:00,2018/12/19,2018/12/31,0,0,"no comment",3,17,119,1,成果物,0,1,"2018/10/02 01:52:40",1,0,0,40,0
256,2-1　11:テーマ,2-1　11:テーマの作業内容,2018/10/02,18:00,2018/09/27,2018/10/02,0,0,"no comment",3,11,241,0,成果物,0,1,"2018/10/02 01:52:40",0,0,0,6,0
257,5-1　3:テーマ,5-1　3:テーマの作業内容,2019/01/30,18:00,2019/01/08,2019/01/30,0,0,"no comment",6,3,248,0,成果物,0,1,"2018/10/02 01:52:40",1,0,0,27,0
258,3-1　12:テーマ,3-1　12:テーマの作業内容,2018/12/01,18:00,2018/11/30,2018/12/01,0,0,"no comment",4,12,190,0,成果物,0,1,"2018/10/02 01:52:40",0,0,0,21,0
259,3-1　10:テーマ,3-1　10:テーマの作業内容,2019/01/09,18:00,2019/01/08,2019/01/09,0,0,"no comment",4,10,212,0,成果物,0,1,"2018/10/02 01:52:40",1,0,0,16,0
260,4-1　その他,4-1　その他の作業内容,2018/11/15,18:00,2018/11/15,2018/11/15,0,0,"no comment",5,20,201,0,成果物,0,1,"2018/10/02 01:52:40",0,0,0,28,0
261,4-1　30:テーマ,4-1　30:テーマの作業内容,2018/12/31,18:00,2018/12/19,2018/12/31,0,0,"no comment",5,17,214,2,成果物,0,1,"2018/10/02 01:52:40",1,0,0,28,0
262,2-3　15:サービス関連,2-3　15:サービス関連の作業内容,2018/12/06,18:00,2018/11/16,2018/12/06,0,0,"no comment",3,15,37,0,成果物,0,1,"2018/10/02 01:52:40",1,0,0,3,0
263,2-3　40:テーマ以外,2-3　40:テーマ以外の作業内容,2018/10/13,18:00,2018/09/26,2018/10/13,0,0,"no comment",3,18,120,1,成果物,0,1,"2018/10/02 01:52:40",0,0,0,37,0
264,3-1　7:テーマ,3-1　7:テーマの作業内容,2019/01/01,18:00,2018/12/16,2019/01/01,0,0,"no comment",4,7,217,1,成果物,0,1,"2018/10/02 01:52:40",0,0,0,4,0
265,2-2　7:テーマ,2-2　7:テーマの作業内容,2019/01/01,18:00,2018/12/16,2019/01/01,0,0,"no comment",3,7,89,1,成果物,0,1,"2018/10/02 01:52:40",0,0,0,16,0
266,2-1　10:テーマ,2-1　10:テーマの作業内容,2019/01/09,18:00,2019/01/08,2019/01/09,0,0,"no comment",3,10,52,0,成果物,0,1,"2018/10/02 01:52:40",1,0,0,10,0
267,4-2　30:テーマ,4-2　30:テーマの作業内容,2018/12/31,18:00,2018/12/19,2018/12/31,0,0,"no comment",5,17,214,0,成果物,0,1,"2018/10/02 01:52:40",1,0,0,27,0
268,4-1　40:テーマ以外,4-1　40:テーマ以外の作業内容,2018/10/13,18:00,2018/09/26,2018/10/13,0,0,"no comment",5,18,172,0,成果物,0,1,"2018/10/02 01:52:40",0,0,0,22,0
269,2-2　8:テーマ,2-2　8:テーマの作業内容,2018/12/01,18:00,2018/11/25,2018/12/01,0,0,"no comment",3,8,50,1,成果物,0,1,"2018/10/02 01:52:40",0,0,0,10,0
270,2-3　14:テーマ,2-3　14:テーマの作業内容,2018/10/05,18:00,2018/09/13,2018/10/05,0,0,"no comment",3,14,76,0,成果物,0,1,"2018/10/02 01:52:40",0,0,0,11,0
271,5-2　3:テーマ,5-2　3:テーマの作業内容,2019/01/30,18:00,2019/01/08,2019/01/30,0,0,"no comment",6,3,248,1,成果物,0,1,"2018/10/02 01:52:40",1,0,0,25,0
272,3-1　40:テーマ以外,3-1　40:テーマ以外の作業内容,2018/10/13,18:00,2018/09/26,2018/10/13,0,0,"no comment",4,18,240,1,成果物,0,1,"2018/10/02 01:52:40",0,0,0,33,0
273,3-2　40:テーマ以外,3-2　40:テーマ以外の作業内容,2018/10/13,18:00,2018/09/26,2018/10/13,0,0,"no comment",4,18,218,1,成果物,0,1,"2018/10/02 01:52:40",0,0,0,40,0
274,1-6　50:打ち合わせ,1-6　50:打ち合わせの作業内容,2018/10/11,18:00,2018/09/19,2018/10/11,0,0,"no comment",2,19,19,0,成果物,0,1,"2018/10/02 01:52:40",0,0,0,1,0
275,2-3　5:テーマ,2-3　5:テーマの作業内容,2019/01/12,18:00,2018/12/25,2019/01/12,0,0,"no comment",3,5,27,0,成果物,0,1,"2018/10/02 01:52:40",0,0,0,2,0
276,3-2　その他,3-2　その他の作業内容,2018/11/15,18:00,2018/11/15,2018/11/15,0,0,"no comment",4,20,148,0,成果物,0,1,"2018/10/02 01:52:40",0,0,0,20,0
277,2-2　9:テーマ,2-2　9:テーマの作業内容,2018/12/07,18:00,2018/11/13,2018/12/07,0,0,"no comment",3,9,31,0,成果物,0,1,"2018/10/02 01:52:40",0,0,0,2,0
278,3-1　8:テーマ,3-1　8:テーマの作業内容,2018/12/01,18:00,2018/11/25,2018/12/01,0,0,"no comment",4,8,269,1,成果物,0,1,"2018/10/02 01:52:40",0,0,0,11,0
279,2-1　3:テーマ,2-1　3:テーマの作業内容,2019/01/30,18:00,2019/01/08,2019/01/30,0,0,"no comment",3,3,123,0,成果物,0,1,"2018/10/02 01:52:40",1,0,0,3,0
280,2-2　6:テーマ,2-2　6:テーマの作業内容,2018/09/25,18:00,2018/09/12,2018/09/25,0,0,"no comment",3,6,68,1,成果物,0,1,"2018/10/02 01:52:40",0,0,0,6,0
281,2-1　11:テーマ,2-1　11:テーマの作業内容,2018/10/02,18:00,2018/09/27,2018/10/02,0,0,"no comment",3,11,73,0,成果物,0,1,"2018/10/02 01:52:40",0,0,0,15,0
282,3-1　6:テーマ,3-1　6:テーマの作業内容,2018/09/25,18:00,2018/09/12,2018/09/25,0,0,"no comment",4,6,230,0,成果物,0,1,"2018/10/02 01:52:40",0,0,0,21,0
283,5-2　5:テーマ,5-2　5:テーマの作業内容,2019/01/12,18:00,2018/12/25,2019/01/12,100,1,,6,5,216,2,成果物,0,1,"2018/10/02 01:52:40",0,0,0,9,0
284,2-1　4:テーマ,2-1　4:テーマの作業内容,2018/12/16,18:00,2018/11/22,2018/12/16,0,0,"no comment",3,4,86,2,成果物,0,1,"2018/10/02 01:52:40",1,0,0,17,0
285,3-2　6:テーマ,3-2　6:テーマの作業内容,2018/09/25,18:00,2018/09/12,2018/09/25,0,0,"no comment",4,6,230,2,成果物,0,1,"2018/10/02 01:52:40",0,0,0,18,0
286,2-4　15:サービス関連,2-4　15:サービス関連の作業内容,2018/12/06,18:00,2018/11/16,2018/12/06,0,0,"no comment",3,15,37,0,成果物,0,1,"2018/10/02 01:52:40",1,0,0,2,0
287,2-2　20:テーマ,2-2　20:テーマの作業内容,2019/01/19,18:00,2019/01/10,2019/01/19,0,0,"no comment",3,16,118,0,成果物,0,1,"2018/10/02 01:52:40",1,0,0,17,0
288,2-3　8:テーマ,2-3　8:テーマの作業内容,2018/12/01,18:00,2018/11/25,2018/12/01,0,0,"no comment",3,8,50,1,成果物,0,1,"2018/10/02 01:52:40",0,0,0,8,0
289,2-3　40:テーマ以外,2-3　40:テーマ以外の作業内容,2018/10/13,18:00,2018/09/26,2018/10/13,0,0,"no comment",3,18,40,0,成果物,0,1,"2018/10/02 01:52:40",0,0,0,10,0
290,3-1　40:テーマ以外,3-1　40:テーマ以外の作業内容,2018/10/13,18:00,2018/09/26,2018/10/13,0,0,"no comment",4,18,263,0,成果物,0,1,"2018/10/02 01:52:40",0,0,0,38,0
291,4-1　その他,4-1　その他の作業内容,2018/11/15,18:00,2018/11/15,2018/11/15,0,0,"no comment",5,20,199,1,成果物,0,1,"2018/10/02 01:52:40",0,0,0,10,0
292,3-1　7:テーマ,3-1　7:テーマの作業内容,2019/01/01,18:00,2018/12/16,2019/01/01,0,0,"no comment",4,7,265,2,成果物,0,1,"2018/10/02 01:52:40",0,0,0,17,0
293,4-3　3:テーマ,4-3　3:テーマの作業内容,2019/01/30,18:00,2019/01/08,2019/01/30,0,0,"no comment",5,3,215,0,成果物,0,1,"2018/10/02 01:52:40",1,0,0,22,0
294,2-1　10:テーマ,2-1　10:テーマの作業内容,2019/01/09,18:00,2019/01/08,2019/01/09,0,0,"no comment",3,10,32,0,成果物,0,1,"2018/10/02 01:52:40",1,0,0,8,0
295,4-1　40:テーマ以外,4-1　40:テーマ以外の作業内容,2018/10/13,18:00,2018/09/26,2018/10/13,0,0,"no comment",5,18,272,0,成果物,0,1,"2018/10/02 01:52:40",0,0,0,34,0
296,4-1　13:インシデント関連,4-1　13:インシデント関連の作業内容,2018/11/07,18:00,2018/10/19,2018/11/07,0,0,"no comment",5,13,155,0,成果物,0,1,"2018/10/02 01:52:40",1,0,0,12,0
297,2-4　40:テーマ以外,2-4　40:テーマ以外の作業内容,2018/10/13,18:00,2018/09/26,2018/10/13,0,0,"no comment",3,18,40,0,成果物,0,1,"2018/10/02 01:52:40",0,0,0,9,0
298,2-1　2:テーマ,2-1　2:テーマの作業内容,2019/01/07,18:00,2019/01/03,2019/01/07,0,0,"no comment",3,2,104,0,成果物,0,1,"2018/10/02 01:52:40",0,0,0,11,0
299,4-1　3:テーマ,4-1　3:テーマの作業内容,2019/01/30,18:00,2019/01/08,2019/01/30,0,0,"no comment",5,3,184,0,成果物,0,1,"2018/10/02 01:52:40",1,0,0,38,0
300,3-2　14:テーマ,3-2　14:テーマの作業内容,2018/10/05,18:00,2018/09/13,2018/10/05,0,0,"no comment",4,14,144,1,成果物,0,1,"2018/10/02 01:52:40",0,0,0,13,0
301,2-1　5:テーマ,2-1　5:テーマの作業内容,2019/01/12,18:00,2018/12/25,2019/01/12,0,0,"no comment",3,5,67,1,成果物,0,1,"2018/10/02 01:52:40",0,0,0,19,0
302,2-1　14:テーマ,2-1　14:テーマの作業内容,2018/10/05,18:00,2018/09/13,2018/10/05,0,0,"no comment",3,14,116,0,成果物,0,1,"2018/10/02 01:52:40",0,0,0,22,0
303,6-1　5:テーマ,6-1　5:テーマの作業内容,2019/01/12,18:00,2018/12/25,2019/01/12,100,1,"no comment",7,5,283,0,成果物,0,1,"2018/10/02 01:52:40",0,0,0,11,0
304,1-1　21　　テーマ外の作業,1-1　21　　テーマ外の作業の作業内容,2018/12/30,18:00,2018/12/10,2018/12/30,0,0,"no comment",2,21,21,1,成果物,0,1,"2018/10/02 01:52:40",1,0,0,1,0
305,3-1　30:テーマ,3-1　30:テーマの作業内容,2018/12/31,18:00,2018/12/19,2018/12/31,0,0,"no comment",4,17,255,1,成果物,0,1,"2018/10/02 01:52:40",1,0,0,41,0
306,4-1　その他,4-1　その他の作業内容,2018/11/15,18:00,2018/11/15,2018/11/15,0,0,"no comment",5,20,224,0,成果物,0,1,"2018/10/02 01:52:40",0,0,0,17,0
307,2-3　30:テーマ,2-3　30:テーマの作業内容,2018/12/31,18:00,2018/12/19,2018/12/31,0,0,"no comment",3,17,119,0,成果物,0,1,"2018/10/02 01:52:40",1,0,0,39,0
308,3-1　13:インシデント関連,3-1　13:インシデント関連の作業内容,2018/11/07,18:00,2018/10/19,2018/11/07,0,0,"no comment",4,13,206,0,成果物,0,1,"2018/10/02 01:52:40",1,0,0,28,0
309,2-1　4:テーマ,2-1　4:テーマの作業内容,2018/12/16,18:00,2018/11/22,2018/12/16,0,0,"no comment",3,4,220,1,成果物,0,1,"2018/10/02 01:52:40",1,0,0,2,0
310,3-1　40:テーマ以外,3-1　40:テーマ以外の作業内容,2018/10/13,18:00,2018/09/26,2018/10/13,0,0,"no comment",4,18,246,1,成果物,0,1,"2018/10/02 01:52:40",0,0,0,3,0
311,3-1　50:打ち合わせ,3-1　50:打ち合わせの作業内容,2018/10/11,18:00,2018/09/19,2018/10/11,0,0,"no comment",4,19,175,0,成果物,0,1,"2018/10/02 01:52:40",0,0,0,5,0
312,2-2　15:サービス関連,2-2　15:サービス関連の作業内容,2018/12/06,18:00,2018/11/16,2018/12/06,0,0,"no comment",3,15,77,0,成果物,0,1,"2018/10/02 01:52:40",1,0,0,14,0
313,2-1　15:サービス関連,2-1　15:サービス関連の作業内容,2018/12/06,18:00,2018/11/16,2018/12/06,0,0,"no comment",3,15,117,0,成果物,0,1,"2018/10/02 01:52:40",1,0,0,24,0
314,6-2　5:テーマ,6-2　5:テーマの作業内容,2019/01/12,18:00,2018/12/25,2019/01/12,100,1,"no comment",7,5,283,0,成果物,0,1,"2018/10/02 01:52:40",0,0,0,10,0
315,3-1　20:テーマ,3-1　20:テーマの作業内容,2019/01/19,18:00,2019/01/10,2019/01/19,0,0,"no comment",4,16,177,0,成果物,0,1,"2018/10/02 01:52:40",1,0,0,5,0
316,4-1　7:テーマ,4-1　7:テーマの作業内容,2019/01/01,18:00,2018/12/16,2019/01/01,0,0,"no comment",5,7,264,0,成果物,0,1,"2018/10/02 01:52:40",0,0,0,5,0
317,3-1　5:テーマ,3-1　5:テーマの作業内容,2019/01/12,18:00,2018/12/25,2019/01/12,0,0,"no comment",4,5,301,3,成果物,0,1,"2018/10/02 01:52:40",0,0,0,20,0
318,2-1　1:テーマ,2-1　1:テーマの作業内容,2018/11/19,18:00,2018/11/09,2018/11/19,0,0,"no comment",3,1,23,0,成果物,0,1,"2018/10/02 01:52:40",1,0,0,2,0
319,4-1　14:テーマ,4-1　14:テーマの作業内容,2018/10/05,18:00,2018/09/13,2018/10/05,0,0,"no comment",5,14,300,1,成果物,0,1,"2018/10/02 01:52:40",0,0,0,14,0
320,3-1　30:テーマ,3-1　30:テーマの作業内容,2018/12/31,18:00,2018/12/19,2018/12/31,0,0,"no comment",4,17,198,0,成果物,0,1,"2018/10/02 01:52:40",1,0,0,44,0
321,3-3　30:テーマ,3-3　30:テーマの作業内容,2018/12/31,18:00,2018/12/19,2018/12/31,0,0,"no comment",4,17,173,1,成果物,0,1,"2018/10/02 01:52:40",1,0,0,22,0
322,5-1　その他,5-1　その他の作業内容,2018/11/15,18:00,2018/11/15,2018/11/15,0,0,"no comment",6,20,291,0,成果物,0,1,"2018/10/02 01:52:40",0,0,0,11,0
323,2-3　15:サービス関連,2-3　15:サービス関連の作業内容,2018/12/06,18:00,2018/11/16,2018/12/06,0,0,"no comment",3,15,97,1,成果物,0,1,"2018/10/02 01:52:40",1,0,0,17,0
324,2-1　2:テーマ,2-1　2:テーマの作業内容,2019/01/07,18:00,2019/01/03,2019/01/07,0,0,"no comment",3,2,84,1,成果物,0,1,"2018/10/02 01:52:40",0,0,0,7,0
325,3-1　6:テーマ,3-1　6:テーマの作業内容,2018/09/25,18:00,2018/09/12,2018/09/25,0,0,"no comment",4,6,280,1,成果物,0,1,"2018/10/02 01:52:40",0,0,0,7,0
326,4-1　6:テーマ,4-1　6:テーマの作業内容,2018/09/25,18:00,2018/09/12,2018/09/25,0,0,"no comment",5,6,285,0,成果物,0,1,"2018/10/02 01:52:40",0,0,0,20,0
327,4-1　7:テーマ,4-1　7:テーマの作業内容,2019/01/01,18:00,2018/12/16,2019/01/01,0,0,"no comment",5,7,213,0,成果物,0,1,"2018/10/02 01:52:40",0,0,0,12,0
328,2-2　5:テーマ,2-2　5:テーマの作業内容,2019/01/12,18:00,2018/12/25,2019/01/12,0,0,"no comment",3,5,67,0,成果物,0,1,"2018/10/02 01:52:40",0,0,0,18,0
329,2-2　3:テーマ,2-2　3:テーマの作業内容,2019/01/30,18:00,2019/01/08,2019/01/30,0,0,"no comment",3,3,85,0,成果物,0,1,"2018/10/02 01:52:40",1,0,0,13,0
330,4-2　3:テーマ,4-2　3:テーマの作業内容,2019/01/30,18:00,2019/01/08,2019/01/30,0,0,"no comment",5,3,184,1,成果物,0,1,"2018/10/02 01:52:40",1,0,0,33,0
331,3-4　30:テーマ,3-4　30:テーマの作業内容,2018/12/31,18:00,2018/12/19,2018/12/31,0,0,"no comment",4,17,173,3,成果物,0,1,"2018/10/02 01:52:40",1,0,0,17,0
332,3-1　14:テーマ,3-1　14:テーマの作業内容,2018/10/05,18:00,2018/09/13,2018/10/05,0,0,"no comment",4,14,181,0,成果物,0,1,"2018/10/02 01:52:40",0,0,0,20,0
333,2-2　11:テーマ,2-2　11:テーマの作業内容,2018/10/02,18:00,2018/09/27,2018/10/02,0,0,"no comment",3,11,73,1,成果物,0,1,"2018/10/02 01:52:40",0,0,0,13,0
334,2-1　22　　テーマ外の作業,2-1　22　　テーマ外の作業の作業内容,2018/10/21,18:00,2018/09/29,2018/10/21,0,0,"no comment",3,22,141,0,成果物,0,1,"2018/10/02 01:52:40",0,0,0,3,0
335,3-1　14:テーマ,3-1　14:テーマの作業内容,2018/10/05,18:00,2018/09/13,2018/10/05,0,0,"no comment",4,14,210,1,成果物,0,1,"2018/10/02 01:52:40",0,0,0,8,0
336,2-1　12:テーマ,2-1　12:テーマの作業内容,2018/12/01,18:00,2018/11/30,2018/12/01,0,0,"no comment",3,12,254,0,成果物,0,1,"2018/10/02 01:52:40",0,0,0,2,0
337,4-1　15:サービス関連,4-1　15:サービス関連の作業内容,2018/12/06,18:00,2018/11/16,2018/12/06,0,0,"no comment",5,15,244,0,成果物,0,1,"2018/10/02 01:52:40",1,0,0,6,0
338,4-2　その他,4-2　その他の作業内容,2018/11/15,18:00,2018/11/15,2018/11/15,0,0,"no comment",5,20,201,1,成果物,0,1,"2018/10/02 01:52:40",0,0,0,25,0
339,4-2　40:テーマ以外,4-2　40:テーマ以外の作業内容,2018/10/13,18:00,2018/09/26,2018/10/13,0,0,"no comment",5,18,150,0,成果物,0,1,"2018/10/02 01:52:40",0,0,0,26,0
340,4-1　6:テーマ,4-1　6:テーマの作業内容,2018/09/25,18:00,2018/09/12,2018/09/25,0,0,"no comment",5,6,325,0,成果物,0,1,"2018/10/02 01:52:40",0,0,0,8,0
341,4-1　40:テーマ以外,4-1　40:テーマ以外の作業内容,2018/10/13,18:00,2018/09/26,2018/10/13,0,0,"no comment",5,18,195,0,成果物,0,1,"2018/10/02 01:52:40",0,0,0,15,0
342,3-2　7:テーマ,3-2　7:テーマの作業内容,2019/01/01,18:00,2018/12/16,2019/01/01,0,0,"no comment",4,7,207,0,成果物,0,1,"2018/10/02 01:52:40",0,0,0,10,0
343,4-1　40:テーマ以外,4-1　40:テーマ以外の作業内容,2018/10/13,18:00,2018/09/26,2018/10/13,0,0,"no comment",5,18,310,0,成果物,0,1,"2018/10/02 01:52:40",0,0,0,4,0
344,3-1　4:テーマ,3-1　4:テーマの作業内容,2018/12/16,18:00,2018/11/22,2018/12/16,0,0,"no comment",4,4,158,0,成果物,0,1,"2018/10/02 01:52:40",1,0,0,11,0
345,2-2　4:テーマ,2-2　4:テーマの作業内容,2018/12/16,18:00,2018/11/22,2018/12/16,0,0,"no comment",3,4,86,1,成果物,0,1,"2018/10/02 01:52:40",1,0,0,15,0
346,4-1　5:テーマ,4-1　5:テーマの作業内容,2019/01/12,18:00,2018/12/25,2019/01/12,0,0,"no comment",5,5,317,0,成果物,0,1,"2018/10/02 01:52:40",0,0,0,23,0
347,4-1　40:テーマ以外,4-1　40:テーマ以外の作業内容,2018/10/13,18:00,2018/09/26,2018/10/13,0,0,"no comment",5,18,247,0,成果物,0,1,"2018/10/02 01:52:40",0,0,0,45,0
348,3-1　15:サービス関連,3-1　15:サービス関連の作業内容,2018/12/06,18:00,2018/11/16,2018/12/06,0,0,"no comment",4,15,323,0,成果物,0,1,"2018/10/02 01:52:40",1,0,0,18,0
349,5-1　30:テーマ,5-1　30:テーマの作業内容,2018/12/31,18:00,2018/12/19,2018/12/31,0,0,"no comment",6,17,261,1,成果物,0,1,"2018/10/02 01:52:40",1,0,0,30,0
350,1-6　20:テーマ,1-6　20:テーマの作業内容,2019/01/19,18:00,2019/01/10,2019/01/19,0,0,"no comment",2,16,16,0,成果物,0,1,"2018/10/02 01:52:40",1,0,0,1,0
351,1-6　6:テーマ,1-6　6:テーマの作業内容,2018/09/25,18:00,2018/09/12,2018/09/25,0,0,"no comment",2,6,6,0,成果物,0,1,"2018/10/02 01:52:40",0,0,0,1,0
352,3-1　7:テーマ,3-1　7:テーマの作業内容,2019/01/01,18:00,2018/12/16,2019/01/01,0,0,"no comment",4,7,251,0,成果物,0,1,"2018/10/02 01:52:40",0,0,0,8,0
353,4-2　その他,4-2　その他の作業内容,2018/11/15,18:00,2018/11/15,2018/11/15,0,0,"no comment",5,20,199,1,成果物,0,1,"2018/10/02 01:52:40",0,0,0,8,0
354,4-1　9:テーマ,4-1　9:テーマの作業内容,2018/12/07,18:00,2018/11/13,2018/12/07,0,0,"no comment",5,9,209,0,成果物,0,1,"2018/10/02 01:52:40",0,0,0,11,0
355,3-1　15:サービス関連,3-1　15:サービス関連の作業内容,2018/12/06,18:00,2018/11/16,2018/12/06,0,0,"no comment",4,15,170,1,成果物,0,1,"2018/10/02 01:52:40",1,0,0,10,0
356,2-3　20:テーマ,2-3　20:テーマの作業内容,2019/01/19,18:00,2019/01/10,2019/01/19,0,0,"no comment",3,16,98,0,成果物,0,1,"2018/10/02 01:52:40",1,0,0,11,0
357,4-3　その他,4-3　その他の作業内容,2018/11/15,18:00,2018/11/15,2018/11/15,0,0,"no comment",5,20,201,0,成果物,0,1,"2018/10/02 01:52:40",0,0,0,24,0
358,4-4　その他,4-4　その他の作業内容,2018/11/15,18:00,2018/11/15,2018/11/15,0,0,"no comment",5,20,201,1,成果物,0,1,"2018/10/02 01:52:40",0,0,0,22,0
359,3-6　40:テーマ以外,3-6　40:テーマ以外の作業内容,2018/10/13,18:00,2018/09/26,2018/10/13,0,0,"no comment",4,18,134,0,成果物,0,1,"2018/10/02 01:52:40",0,0,0,13,0
360,2-1　10:テーマ,2-1　10:テーマの作業内容,2019/01/09,18:00,2019/01/08,2019/01/09,0,0,"no comment",3,10,130,1,成果物,0,1,"2018/10/02 01:52:40",1,0,0,5,0
361,1-8　10:テーマ,1-8　10:テーマの作業内容,2019/01/09,18:00,2019/01/08,2019/01/09,0,0,"no comment",2,10,10,0,成果物,0,1,"2018/10/02 01:52:40",1,0,0,1,0
362,5-1　3:テーマ,5-1　3:テーマの作業内容,2019/01/30,18:00,2019/01/08,2019/01/30,0,0,"no comment",6,3,330,3,成果物,0,1,"2018/10/02 01:52:40",1,0,0,34,0
363,5-1　その他,5-1　その他の作業内容,2018/11/15,18:00,2018/11/15,2018/11/15,0,0,"no comment",6,20,353,0,成果物,0,1,"2018/10/02 01:52:40",0,0,0,9,0
364,3-2　15:サービス関連,3-2　15:サービス関連の作業内容,2018/12/06,18:00,2018/11/16,2018/12/06,0,0,"no comment",4,15,132,0,成果物,0,1,"2018/10/02 01:52:40",1,0,0,21,0
365,6-1　3:テーマ,6-1　3:テーマの作業内容,2019/01/30,18:00,2019/01/08,2019/01/30,0,0,"no comment",7,3,362,0,成果物,0,1,"2018/10/02 01:52:40",1,0,0,37,0
366,3-1　30:テーマ,3-1　30:テーマの作業内容,2018/12/31,18:00,2018/12/19,2018/12/31,0,0,"no comment",4,17,140,1,成果物,0,1,"2018/10/02 01:52:40",1,0,0,6,0
367,2-4　30:テーマ,2-4　30:テーマの作業内容,2018/12/31,18:00,2018/12/19,2018/12/31,0,0,"no comment",3,17,119,1,成果物,0,1,"2018/10/02 01:52:40",1,0,0,37,0
368,4-2　5:テーマ,4-2　5:テーマの作業内容,2019/01/12,18:00,2018/12/25,2019/01/12,0,0,,5,5,317,0,成果物,0,1,"2018/10/02 01:52:40",0,0,0,22,0
369,3-1　30:テーマ,3-1　30:テーマの作業内容,2018/12/31,18:00,2018/12/19,2018/12/31,0,0,"no comment",4,17,196,1,成果物,0,1,"2018/10/02 01:52:40",1,0,0,34,0
370,4-2　6:テーマ,4-2　6:テーマの作業内容,2018/09/25,18:00,2018/09/12,2018/09/25,0,0,"no comment",5,6,285,0,成果物,0,1,"2018/10/02 01:52:40",0,0,0,19,0
371,5-3　3:テーマ,5-3　3:テーマの作業内容,2019/01/30,18:00,2019/01/08,2019/01/30,0,0,"no comment",6,3,248,0,成果物,0,1,"2018/10/02 01:52:40",1,0,0,24,0
372,2-2　12:テーマ,2-2　12:テーマの作業内容,2018/12/01,18:00,2018/11/30,2018/12/01,0,0,"no comment",3,12,94,0,成果物,0,1,"2018/10/02 01:52:40",0,0,0,15,0
373,3-1　10:テーマ,3-1　10:テーマの作業内容,2019/01/09,18:00,2019/01/08,2019/01/09,0,0,"no comment",4,10,360,0,成果物,0,1,"2018/10/02 01:52:40",1,0,0,6,0
374,4-1　30:テーマ,4-1　30:テーマの作業内容,2018/12/31,18:00,2018/12/19,2018/12/31,0,0,"no comment",5,17,235,0,成果物,0,1,"2018/10/02 01:52:40",1,0,0,25,0
375,4-1　その他,4-1　その他の作業内容,2018/11/15,18:00,2018/11/15,2018/11/15,0,0,"no comment",5,20,187,0,成果物,0,1,"2018/10/02 01:52:40",0,0,0,13,0
376,3-1　6:テーマ,3-1　6:テーマの作業内容,2018/09/25,18:00,2018/09/12,2018/09/25,0,0,"no comment",4,6,253,0,成果物,0,1,"2018/10/02 01:52:40",0,0,0,16,0
377,6-2　3:テーマ,6-2　3:テーマの作業内容,2019/01/30,18:00,2019/01/08,2019/01/30,0,0,"no comment",7,3,362,0,成果物,0,1,"2018/10/02 01:52:40",1,0,0,36,0
378,6-1　3:テーマ,6-1　3:テーマの作業内容,2019/01/30,18:00,2019/01/08,2019/01/30,0,0,"no comment",7,3,271,0,成果物,0,1,"2018/10/02 01:52:40",1,0,0,26,0
379,2-2　30:テーマ,2-2　30:テーマの作業内容,2018/12/31,18:00,2018/12/19,2018/12/31,0,0,"no comment",3,17,79,1,成果物,0,1,"2018/10/02 01:52:40",1,0,0,14,0
380,2-3　20:テーマ,2-3　20:テーマの作業内容,2019/01/19,18:00,2019/01/10,2019/01/19,0,0,"no comment",3,16,118,0,成果物,0,1,"2018/10/02 01:52:40",1,0,0,16,0
381,4-1　30:テーマ,4-1　30:テーマの作業内容,2018/12/31,18:00,2018/12/19,2018/12/31,0,0,"no comment",5,17,331,1,成果物,0,1,"2018/10/02 01:52:40",1,0,0,20,0
382,2-1　8:テーマ,2-1　8:テーマの作業内容,2018/12/01,18:00,2018/11/25,2018/12/01,0,0,"no comment",3,8,192,1,成果物,0,1,"2018/10/02 01:52:40",0,0,0,4,0
383,2-1　50:打ち合わせ,2-1　50:打ち合わせの作業内容,2018/10/11,18:00,2018/09/19,2018/10/11,0,0,"no comment",3,19,81,1,成果物,0,1,"2018/10/02 01:52:40",0,0,0,8,0
384,3-3　その他,3-3　その他の作業内容,2018/11/15,18:00,2018/11/15,2018/11/15,0,0,"no comment",4,20,151,0,成果物,0,1,"2018/10/02 01:52:40",0,0,0,6,0
385,4-2　30:テーマ,4-2　30:テーマの作業内容,2018/12/31,18:00,2018/12/19,2018/12/31,0,0,"no comment",5,17,331,0,成果物,0,1,"2018/10/02 01:52:40",1,0,0,19,0
386,4-1　12:テーマ,4-1　12:テーマの作業内容,2018/12/01,18:00,2018/11/30,2018/12/01,0,0,"no comment",5,12,245,0,成果物,0,1,"2018/10/02 01:52:40",0,0,0,18,0
387,2-2　2:テーマ,2-2　2:テーマの作業内容,2019/01/07,18:00,2019/01/03,2019/01/07,0,0,"no comment",3,2,84,0,成果物,0,1,"2018/10/02 01:52:40",0,0,0,6,0
388,2-1　13:インシデント関連,2-1　13:インシデント関連の作業内容,2018/11/07,18:00,2018/10/19,2018/11/07,0,0,"no comment",3,13,95,1,成果物,0,1,"2018/10/02 01:52:40",1,0,0,19,0
389,3-1　30:テーマ,3-1　30:テーマの作業内容,2018/12/31,18:00,2018/12/19,2018/12/31,0,0,"no comment",4,17,379,0,成果物,0,1,"2018/10/02 01:52:40",1,0,0,15,0
390,3-1　14:テーマ,3-1　14:テーマの作業内容,2018/10/05,18:00,2018/09/13,2018/10/05,0,0,"no comment",4,14,131,0,成果物,0,1,"2018/10/02 01:52:40",0,0,0,5,0
391,3-1　50:打ち合わせ,3-1　50:打ち合わせの作業内容,2018/10/11,18:00,2018/09/19,2018/10/11,0,0,"no comment",4,19,383,1,成果物,0,1,"2018/10/02 01:52:40",0,0,0,9,0
392,3-2　4:テーマ,3-2　4:テーマの作業内容,2018/12/16,18:00,2018/11/22,2018/12/16,0,0,"no comment",4,4,158,0,成果物,0,1,"2018/10/02 01:52:40",1,0,0,10,0
393,3-1　4:テーマ,3-1　4:テーマの作業内容,2018/12/16,18:00,2018/11/22,2018/12/16,0,0,"no comment",4,4,345,0,成果物,0,1,"2018/10/02 01:52:40",1,0,0,16,0
394,5-2　30:テーマ,5-2　30:テーマの作業内容,2018/12/31,18:00,2018/12/19,2018/12/31,0,0,"no comment",6,17,261,0,成果物,0,1,"2018/10/02 01:52:40",1,0,0,29,0
395,4-1　3:テーマ,4-1　3:テーマの作業内容,2019/01/30,18:00,2019/01/08,2019/01/30,0,0,"no comment",5,3,211,0,成果物,0,1,"2018/10/02 01:52:40",1,0,0,30,0
396,2-3　30:テーマ,2-3　30:テーマの作業内容,2018/12/31,18:00,2018/12/19,2018/12/31,0,0,"no comment",3,17,79,0,成果物,0,1,"2018/10/02 01:52:40",1,0,0,13,0
397,2-1　13:インシデント関連,2-1　13:インシデント関連の作業内容,2018/11/07,18:00,2018/10/19,2018/11/07,0,0,"no comment",3,13,242,0,成果物,0,1,"2018/10/02 01:52:40",1,0,0,3,0
398,3-1　13:インシデント関連,3-1　13:インシデント関連の作業内容,2018/11/07,18:00,2018/10/19,2018/11/07,0,0,"no comment",4,13,388,1,成果物,0,1,"2018/10/02 01:52:40",1,0,0,20,0
399,3-1　その他,3-1　その他の作業内容,2018/11/15,18:00,2018/11/15,2018/11/15,0,0,"no comment",4,20,169,1,成果物,0,1,"2018/10/02 01:52:40",0,0,0,32,0
400,4-1　50:打ち合わせ,4-1　50:打ち合わせの作業内容,2018/10/11,18:00,2018/09/19,2018/10/11,0,0,"no comment",5,19,391,1,成果物,0,1,"2018/10/02 01:52:40",0,0,0,10,0
401,1-7　3:テーマ,1-7　3:テーマの作業内容,2019/01/30,18:00,2019/01/08,2019/01/30,0,0,"no comment",2,3,3,0,成果物,0,1,"2018/10/02 01:52:40",1,0,0,1,0
402,2-4　30:テーマ,2-4　30:テーマの作業内容,2018/12/31,18:00,2018/12/19,2018/12/31,0,0,"no comment",3,17,79,2,成果物,0,1,"2018/10/02 01:52:40",1,0,0,10,0
403,2-1　12:テーマ,2-1　12:テーマの作業内容,2018/12/01,18:00,2018/11/30,2018/12/01,0,0,"no comment",3,12,165,0,成果物,0,1,"2018/10/02 01:52:40",0,0,0,5,0
404,3-1　8:テーマ,3-1　8:テーマの作業内容,2018/12/01,18:00,2018/11/25,2018/12/01,0,0,"no comment",4,8,382,0,成果物,0,1,"2018/10/02 01:52:40",0,0,0,5,0
405,3-2　3:テーマ,3-2　3:テーマの作業内容,2019/01/30,18:00,2019/01/08,2019/01/30,0,0,"no comment",4,3,189,0,成果物,0,1,"2018/10/02 01:52:40",1,0,0,15,0
406,4-3　40:テーマ以外,4-3　40:テーマ以外の作業内容,2018/10/13,18:00,2018/09/26,2018/10/13,0,0,"no comment",5,18,150,0,成果物,0,1,"2018/10/02 01:52:40",0,0,0,25,0
407,5-1　その他,5-1　その他の作業内容,2018/11/15,18:00,2018/11/15,2018/11/15,0,0,"no comment",6,20,358,0,成果物,0,1,"2018/10/02 01:52:40",0,0,0,23,0
408,3-2　6:テーマ,3-2　6:テーマの作業内容,2018/09/25,18:00,2018/09/12,2018/09/25,0,0,"no comment",4,6,253,1,成果物,0,1,"2018/10/02 01:52:40",0,0,0,14,0
409,3-1　11:テーマ,3-1　11:テーマの作業内容,2018/10/02,18:00,2018/09/27,2018/10/02,0,0,"no comment",4,11,159,0,成果物,0,1,"2018/10/02 01:52:40",0,0,0,10,0
410,4-1　7:テーマ,4-1　7:テーマの作業内容,2019/01/01,18:00,2018/12/16,2019/01/01,0,0,"no comment",5,7,292,0,成果物,0,1,"2018/10/02 01:52:40",0,0,0,19,0
411,2-1　その他,2-1　その他の作業内容,2018/11/15,18:00,2018/11/15,2018/11/15,0,0,"no comment",3,20,42,1,成果物,0,1,"2018/10/02 01:52:40",0,0,0,2,0
412,5-1　その他,5-1　その他の作業内容,2018/11/15,18:00,2018/11/15,2018/11/15,0,0,"no comment",6,20,338,1,成果物,0,1,"2018/10/02 01:52:40",0,0,0,26,0
413,3-2　6:テーマ,3-2　6:テーマの作業内容,2018/09/25,18:00,2018/09/12,2018/09/25,0,0,"no comment",4,6,146,0,成果物,0,1,"2018/10/02 01:52:40",0,0,0,10,0
414,4-1　3:テーマ,4-1　3:テーマの作業内容,2019/01/30,18:00,2019/01/08,2019/01/30,0,0,"no comment",5,3,193,0,成果物,0,1,"2018/10/02 01:52:40",1,0,0,17,0
415,3-1　30:テーマ,3-1　30:テーマの作業内容,2018/12/31,18:00,2018/12/19,2018/12/31,0,0,"no comment",4,17,402,0,成果物,0,1,"2018/10/02 01:52:40",1,0,0,12,0
416,3-2　40:テーマ以外,3-2　40:テーマ以外の作業内容,2018/10/13,18:00,2018/09/26,2018/10/13,0,0,"no comment",4,18,240,0,成果物,0,1,"2018/10/02 01:52:40",0,0,0,32,0
417,2-2　13:インシデント関連,2-2　13:インシデント関連の作業内容,2018/11/07,18:00,2018/10/19,2018/11/07,0,0,"no comment",3,13,115,0,成果物,0,1,"2018/10/02 01:52:40",1,0,0,23,0
418,3-1　4:テーマ,3-1　4:テーマの作業内容,2018/12/16,18:00,2018/11/22,2018/12/16,0,0,"no comment",4,4,309,0,成果物,0,1,"2018/10/02 01:52:40",1,0,0,3,0
419,3-1　その他,3-1　その他の作業内容,2018/11/15,18:00,2018/11/15,2018/11/15,0,0,"no comment",4,20,411,0,成果物,0,1,"2018/10/02 01:52:40",0,0,0,3,0
420,1-7　30:テーマ,1-7　30:テーマの作業内容,2018/12/31,18:00,2018/12/19,2018/12/31,0,0,"no comment",2,17,17,0,成果物,0,1,"2018/10/02 01:52:40",1,0,0,1,0
421,2-1　21　　テーマ外の作業,2-1　21　　テーマ外の作業の作業内容,2018/12/30,18:00,2018/12/10,2018/12/30,0,0,"no comment",3,21,304,0,成果物,0,1,"2018/10/02 01:52:40",1,0,0,2,0
422,2-2　4:テーマ,2-2　4:テーマの作業内容,2018/12/16,18:00,2018/11/22,2018/12/16,0,0,"no comment",3,4,26,1,成果物,0,1,"2018/10/02 01:52:40",1,0,0,5,0
423,2-2　11:テーマ,2-2　11:テーマの作業内容,2018/10/02,18:00,2018/09/27,2018/10/02,0,0,"no comment",3,11,241,1,成果物,0,1,"2018/10/02 01:52:40",0,0,0,4,0
424,4-1　30:テーマ,4-1　30:テーマの作業内容,2018/12/31,18:00,2018/12/19,2018/12/31,0,0,"no comment",5,17,366,0,成果物,0,1,"2018/10/02 01:52:40",1,0,0,7,0
425,4-2　7:テーマ,4-2　7:テーマの作業内容,2019/01/01,18:00,2018/12/16,2019/01/01,0,0,"no comment",5,7,292,0,成果物,0,1,"2018/10/02 01:52:40",0,0,0,18,0
426,4-2　5:テーマ,4-2　5:テーマの作業内容,2019/01/12,18:00,2018/12/25,2019/01/12,0,0,"no comment",5,5,208,0,成果物,0,1,"2018/10/02 01:52:40",0,0,0,7,0
427,6-1　その他,6-1　その他の作業内容,2018/11/15,18:00,2018/11/15,2018/11/15,0,0,"no comment",7,20,412,0,成果物,0,1,"2018/10/02 01:52:40",0,0,0,27,0
428,4-1　40:テーマ以外,4-1　40:テーマ以外の作業内容,2018/10/13,18:00,2018/09/26,2018/10/13,0,0,"no comment",5,18,176,0,成果物,0,1,"2018/10/02 01:52:40",0,0,0,20,0
429,2-2　12:テーマ,2-2　12:テーマの作業内容,2018/12/01,18:00,2018/11/30,2018/12/01,0,0,"no comment",3,12,165,0,成果物,0,1,"2018/10/02 01:52:40",0,0,0,4,0
430,2-2　20:テーマ,2-2　20:テーマの作業内容,2019/01/19,18:00,2019/01/10,2019/01/19,0,0,"no comment",3,16,38,0,成果物,0,1,"2018/10/02 01:52:40",1,0,0,3,0
431,3-2　11:テーマ,3-2　11:テーマの作業内容,2018/10/02,18:00,2018/09/27,2018/10/02,0,0,"no comment",4,11,159,0,成果物,0,1,"2018/10/02 01:52:40",0,0,0,9,0
432,3-1　12:テーマ,3-1　12:テーマの作業内容,2018/12/01,18:00,2018/11/30,2018/12/01,0,0,"no comment",4,12,124,0,成果物,0,1,"2018/10/02 01:52:40",0,0,0,13,0
433,3-3　その他,3-3　その他の作業内容,2018/11/15,18:00,2018/11/15,2018/11/15,0,0,"no comment",4,20,148,0,成果物,0,1,"2018/10/02 01:52:40",0,0,0,19,0
434,2-4　20:テーマ,2-4　20:テーマの作業内容,2019/01/19,18:00,2019/01/10,2019/01/19,0,0,"no comment",3,16,98,0,成果物,0,1,"2018/10/02 01:52:40",1,0,0,10,0
435,2-1　6:テーマ,2-1　6:テーマの作業内容,2018/09/25,18:00,2018/09/12,2018/09/25,0,0,"no comment",3,6,48,0,成果物,0,1,"2018/10/02 01:52:40",0,0,0,4,0
436,4-3　3:テーマ,4-3　3:テーマの作業内容,2019/01/30,18:00,2019/01/08,2019/01/30,0,0,"no comment",5,3,184,0,成果物,0,1,"2018/10/02 01:52:40",1,0,0,32,0
437,3-1　8:テーマ,3-1　8:テーマの作業内容,2018/12/01,18:00,2018/11/25,2018/12/01,0,0,"no comment",4,8,183,0,成果物,0,1,"2018/10/02 01:52:40",0,0,0,18,0
438,4-3　30:テーマ,4-3　30:テーマの作業内容,2018/12/31,18:00,2018/12/19,2018/12/31,0,0,"no comment",5,17,331,0,成果物,0,1,"2018/10/02 01:52:40",1,0,0,18,0
439,3-1　5:テーマ,3-1　5:テーマの作業内容,2019/01/12,18:00,2018/12/25,2019/01/12,0,0,"no comment",4,5,231,0,成果物,0,1,"2018/10/02 01:52:40",0,0,0,4,0
440,4-1　40:テーマ以外,4-1　40:テーマ以外の作業内容,2018/10/13,18:00,2018/09/26,2018/10/13,0,0,"no comment",5,18,273,1,成果物,0,1,"2018/10/02 01:52:40",0,0,0,41,0
441,4-1　6:テーマ,4-1　6:テーマの作業内容,2018/09/25,18:00,2018/09/12,2018/09/25,0,0,"no comment",5,6,408,0,成果物,0,1,"2018/10/02 01:52:40",0,0,0,15,0
442,2-2　11:テーマ,2-2　11:テーマの作業内容,2018/10/02,18:00,2018/09/27,2018/10/02,0,0,"no comment",3,11,113,0,成果物,0,1,"2018/10/02 01:52:40",0,0,0,18,0
443,2-3　13:インシデント関連,2-3　13:インシデント関連の作業内容,2018/11/07,18:00,2018/10/19,2018/11/07,0,0,"no comment",3,13,75,0,成果物,0,1,"2018/10/02 01:52:40",1,0,0,14,0
444,4-2　40:テーマ以外,4-2　40:テーマ以外の作業内容,2018/10/13,18:00,2018/09/26,2018/10/13,0,0,"no comment",5,18,247,0,成果物,0,1,"2018/10/02 01:52:40",0,0,0,44,0
445,3-1　11:テーマ,3-1　11:テーマの作業内容,2018/10/02,18:00,2018/09/27,2018/10/02,0,0,"no comment",4,11,333,0,成果物,0,1,"2018/10/02 01:52:40",0,0,0,14,0
446,2-1　20:テーマ,2-1　20:テーマの作業内容,2019/01/19,18:00,2019/01/10,2019/01/19,0,0,"no comment",3,16,78,0,成果物,0,1,"2018/10/02 01:52:40",1,0,0,8,0
447,2-2　9:テーマ,2-2　9:テーマの作業内容,2018/12/07,18:00,2018/11/13,2018/12/07,0,0,"no comment",3,9,71,0,成果物,0,1,"2018/10/02 01:52:40",0,0,0,8,0
448,4-1　30:テーマ,4-1　30:テーマの作業内容,2018/12/31,18:00,2018/12/19,2018/12/31,0,0,"no comment",5,17,305,0,成果物,0,1,"2018/10/02 01:52:40",1,0,0,42,0
449,2-2　8:テーマ,2-2　8:テーマの作業内容,2018/12/01,18:00,2018/11/25,2018/12/01,0,0,"no comment",3,8,192,0,成果物,0,1,"2018/10/02 01:52:40",0,0,0,3,0
450,3-1　4:テーマ,3-1　4:テーマの作業内容,2018/12/16,18:00,2018/11/22,2018/12/16,0,0,"no comment",4,4,284,0,成果物,0,1,"2018/10/02 01:52:40",1,0,0,19,0
451,2-1　1:テーマ,2-1　1:テーマの作業内容,2018/11/19,18:00,2018/11/09,2018/11/19,0,0,"no comment",3,1,63,0,成果物,0,1,"2018/10/02 01:52:40",1,0,0,7,0
452,3-1　8:テーマ,3-1　8:テーマの作業内容,2018/12/01,18:00,2018/11/25,2018/12/01,0,0,"no comment",4,8,164,0,成果物,0,1,"2018/10/02 01:52:40",0,0,0,14,0
453,6-3　3:テーマ,6-3　3:テーマの作業内容,2019/01/30,18:00,2019/01/08,2019/01/30,0,0,"no comment",7,3,362,0,成果物,0,1,"2018/10/02 01:52:40",1,0,0,35,0
454,3-2　その他,3-2　その他の作業内容,2018/11/15,18:00,2018/11/15,2018/11/15,0,0,"no comment",4,20,169,0,成果物,0,1,"2018/10/02 01:52:40",0,0,0,31,0
455,3-1　11:テーマ,3-1　11:テーマの作業内容,2018/10/02,18:00,2018/09/27,2018/10/02,0,0,"no comment",4,11,423,0,成果物,0,1,"2018/10/02 01:52:40",0,0,0,5,0
456,4-1　8:テーマ,4-1　8:テーマの作業内容,2018/12/01,18:00,2018/11/25,2018/12/01,0,0,"no comment",5,8,278,0,成果物,0,1,"2018/10/02 01:52:40",0,0,0,12,0
457,2-1　30:テーマ,2-1　30:テーマの作業内容,2018/12/31,18:00,2018/12/19,2018/12/31,0,0,"no comment",3,17,236,0,成果物,0,1,"2018/10/02 01:52:40",1,0,0,3,0
458,3-1　12:テーマ,3-1　12:テーマの作業内容,2018/12/01,18:00,2018/11/30,2018/12/01,0,0,"no comment",4,12,125,0,成果物,0,1,"2018/10/02 01:52:40",0,0,0,10,0
459,2-3　15:サービス関連,2-3　15:サービス関連の作業内容,2018/12/06,18:00,2018/11/16,2018/12/06,0,0,"no comment",3,15,77,0,成果物,0,1,"2018/10/02 01:52:40",1,0,0,13,0
460,4-1　30:テーマ,4-1　30:テーマの作業内容,2018/12/31,18:00,2018/12/19,2018/12/31,0,0,"no comment",5,17,321,0,成果物,0,1,"2018/10/02 01:52:40",1,0,0,23,0
461,3-1　4:テーマ,3-1　4:テーマの作業内容,2018/12/16,18:00,2018/11/22,2018/12/16,0,0,"no comment",4,4,422,0,成果物,0,1,"2018/10/02 01:52:40",1,0,0,6,0
462,2-1　4:テーマ,2-1　4:テーマの作業内容,2018/12/16,18:00,2018/11/22,2018/12/16,0,0,"no comment",3,4,66,0,成果物,0,1,"2018/10/02 01:52:40",1,0,0,13,0
463,4-2　13:インシデント関連,4-2　13:インシデント関連の作業内容,2018/11/07,18:00,2018/10/19,2018/11/07,0,0,"no comment",5,13,155,1,成果物,0,1,"2018/10/02 01:52:40",1,0,0,10,0
464,1-7　11:テーマ,1-7　11:テーマの作業内容,2018/10/02,18:00,2018/09/27,2018/10/02,0,0,"no comment",2,11,11,1,成果物,0,1,"2018/10/02 01:52:40",0,0,0,1,0
465,5-1　40:テーマ以外,5-1　40:テーマ以外の作業内容,2018/10/13,18:00,2018/09/26,2018/10/13,0,0,"no comment",6,18,440,0,成果物,0,1,"2018/10/02 01:52:40",0,0,0,42,0
466,2-2　10:テーマ,2-2　10:テーマの作業内容,2019/01/09,18:00,2019/01/08,2019/01/09,0,0,"no comment",3,10,130,0,成果物,0,1,"2018/10/02 01:52:40",1,0,0,4,0
467,3-1　8:テーマ,3-1　8:テーマの作業内容,2018/12/01,18:00,2018/11/25,2018/12/01,0,0,"no comment",4,8,288,0,成果物,0,1,"2018/10/02 01:52:40",0,0,0,9,0
468,3-1　2:テーマ,3-1　2:テーマの作業内容,2019/01/07,18:00,2019/01/03,2019/01/07,0,0,"no comment",4,2,324,1,成果物,0,1,"2018/10/02 01:52:40",0,0,0,8,0
469,4-1　5:テーマ,4-1　5:テーマの作業内容,2019/01/12,18:00,2018/12/25,2019/01/12,0,0,"no comment",5,5,179,0,成果物,0,1,"2018/10/02 01:52:40",0,0,0,16,0
470,4-4　40:テーマ以外,4-4　40:テーマ以外の作業内容,2018/10/13,18:00,2018/09/26,2018/10/13,0,0,"no comment",5,18,150,0,成果物,0,1,"2018/10/02 01:52:40",0,0,0,24,0
471,5-1　14:テーマ,5-1　14:テーマの作業内容,2018/10/05,18:00,2018/09/13,2018/10/05,0,0,"no comment",6,14,319,0,成果物,0,1,"2018/10/02 01:52:40",0,0,0,15,0
472,5-1　50:打ち合わせ,5-1　50:打ち合わせの作業内容,2018/10/11,18:00,2018/09/19,2018/10/11,0,0,"no comment",6,19,400,0,成果物,0,1,"2018/10/02 01:52:40",0,0,0,11,0
473,4-1　2:テーマ,4-1　2:テーマの作業内容,2019/01/07,18:00,2019/01/03,2019/01/07,0,0,"no comment",5,2,468,0,成果物,0,1,"2018/10/02 01:52:40",0,0,0,9,0
474,3-2　13:インシデント関連,3-2　13:インシデント関連の作業内容,2018/11/07,18:00,2018/10/19,2018/11/07,0,0,"no comment",4,13,206,1,成果物,0,1,"2018/10/02 01:52:40",1,0,0,26,0
475,4-1　30:テーマ,4-1　30:テーマの作業内容,2018/12/31,18:00,2018/12/19,2018/12/31,0,0,"no comment",5,17,369,0,成果物,0,1,"2018/10/02 01:52:40",1,0,0,35,0
476,2-1　12:テーマ,2-1　12:テーマの作業内容,2018/12/01,18:00,2018/11/30,2018/12/01,0,0,"no comment",3,12,34,0,成果物,0,1,"2018/10/02 01:52:40",0,0,0,7,0
477,4-1　15:サービス関連,4-1　15:サービス関連の作業内容,2018/12/06,18:00,2018/11/16,2018/12/06,0,0,"no comment",5,15,355,0,成果物,0,1,"2018/10/02 01:52:40",1,0,0,11,0
478,3-2　30:テーマ,3-2　30:テーマの作業内容,2018/12/31,18:00,2018/12/19,2018/12/31,0,0,"no comment",4,17,402,0,成果物,0,1,"2018/10/02 01:52:40",1,0,0,11,0
479,5-1　13:インシデント関連,5-1　13:インシデント関連の作業内容,2018/11/07,18:00,2018/10/19,2018/11/07,0,0,"no comment",6,13,463,0,成果物,0,1,"2018/10/02 01:52:40",1,0,0,11,0
480,3-1　30:テーマ,3-1　30:テーマの作業内容,2018/12/31,18:00,2018/12/19,2018/12/31,0,0,"no comment",4,17,367,0,成果物,0,1,"2018/10/02 01:52:40",1,0,0,38,0
481,2-2　13:インシデント関連,2-2　13:インシデント関連の作業内容,2018/11/07,18:00,2018/10/19,2018/11/07,0,0,"no comment",3,13,95,0,成果物,0,1,"2018/10/02 01:52:40",1,0,0,18,0
482,6-1　30:テーマ,6-1　30:テーマの作業内容,2018/12/31,18:00,2018/12/19,2018/12/31,0,0,"no comment",7,17,349,0,成果物,0,1,"2018/10/02 01:52:40",1,0,0,31,0
483,2-1　2:テーマ,2-1　2:テーマの作業内容,2019/01/07,18:00,2019/01/03,2019/01/07,0,0,"no comment",3,2,24,0,成果物,0,1,"2018/10/02 01:52:40",0,0,0,2,0
484,4-1　13:インシデント関連,4-1　13:インシデント関連の作業内容,2018/11/07,18:00,2018/10/19,2018/11/07,0,0,"no comment",5,13,474,0,成果物,0,1,"2018/10/02 01:52:40",1,0,0,27,0
485,4-2　40:テーマ以外,4-2　40:テーマ以外の作業内容,2018/10/13,18:00,2018/09/26,2018/10/13,0,0,"no comment",5,18,194,0,成果物,0,1,"2018/10/02 01:52:40",0,0,0,17,0
486,5-1　30:テーマ,5-1　30:テーマの作業内容,2018/12/31,18:00,2018/12/19,2018/12/31,0,0,"no comment",6,17,381,0,成果物,0,1,"2018/10/02 01:52:40",1,0,0,21,0
487,3-3　13:インシデント関連,3-3　13:インシデント関連の作業内容,2018/11/07,18:00,2018/10/19,2018/11/07,0,0,"no comment",4,13,206,0,成果物,0,1,"2018/10/02 01:52:40",1,0,0,25,0
488,4-1　14:テーマ,4-1　14:テーマの作業内容,2018/10/05,18:00,2018/09/13,2018/10/05,0,0,"no comment",5,14,335,0,成果物,0,1,"2018/10/02 01:52:40",0,0,0,9,0
489,2-1　11:テーマ,2-1　11:テーマの作業内容,2018/10/02,18:00,2018/09/27,2018/10/02,0,0,"no comment",3,11,464,0,成果物,0,1,"2018/10/02 01:52:40",0,0,0,2,0
490,3-1　40:テーマ以外,3-1　40:テーマ以外の作業内容,2018/10/13,18:00,2018/09/26,2018/10/13,0,0,"no comment",4,18,139,0,成果物,0,1,"2018/10/02 01:52:40",0,0,0,47,0
491,4-1　その他,4-1　その他の作業内容,2018/11/15,18:00,2018/11/15,2018/11/15,0,0,"no comment",5,20,399,0,成果物,0,1,"2018/10/02 01:52:40",0,0,0,33,0
492,4-3　5:テーマ,4-3　5:テーマの作業内容,2019/01/12,18:00,2018/12/25,2019/01/12,0,0,"no comment",5,5,317,0,成果物,0,1,"2018/10/02 01:52:40",0,0,0,21,0
493,3-2　4:テーマ,3-2　4:テーマの作業内容,2018/12/16,18:00,2018/11/22,2018/12/16,0,0,"no comment",4,4,284,0,成果物,0,1,"2018/10/02 01:52:40",1,0,0,18,0
494,2-2　9:テーマ,2-2　9:テーマの作業内容,2018/12/07,18:00,2018/11/13,2018/12/07,0,0,"no comment",3,9,51,0,成果物,0,1,"2018/10/02 01:52:40",0,0,0,5,0
495,2-2　1:テーマ,2-2　1:テーマの作業内容,2018/11/19,18:00,2018/11/09,2018/11/19,0,0,"no comment",3,1,43,0,成果物,0,1,"2018/10/02 01:52:40",1,0,0,4,0
496,2-2　22　　テーマ外の作業,2-2　22　　テーマ外の作業の作業内容,2018/10/21,18:00,2018/09/29,2018/10/21,0,0,"no comment",3,22,141,0,成果物,0,1,"2018/10/02 01:52:40",0,0,0,2,0
497,2-1　13:インシデント関連,2-1　13:インシデント関連の作業内容,2018/11/07,18:00,2018/10/19,2018/11/07,0,0,"no comment",3,13,35,0,成果物,0,1,"2018/10/02 01:52:40",1,0,0,6,0
498,2-4　20:テーマ,2-4　20:テーマの作業内容,2019/01/19,18:00,2019/01/10,2019/01/19,0,0,"no comment",3,16,118,0,成果物,0,1,"2018/10/02 01:52:40",1,0,0,15,0
499,2-2　13:インシデント関連,2-2　13:インシデント関連の作業内容,2018/11/07,18:00,2018/10/19,2018/11/07,0,0,"no comment",3,13,242,0,成果物,0,1,"2018/10/02 01:52:40",1,0,0,2,0
500,4-1　13:インシデント関連,4-1　13:インシデント関連の作業内容,2018/11/07,18:00,2018/10/19,2018/11/07,0,0,"no comment",5,13,398,0,成果物,0,1,"2018/10/02 01:52:40",1,0,0,21,0
501,aaaa,wewagea,2018/10/08,18:00,2018/10/08,2018/10/08,0,0,"no comment",1,501,0,2,,0,1,"2018/10/08 22:13:33",0,0,0,0,0
502,sverb,gawgvew,2018/10/08,18:00,2018/10/08,2018/10/08,0,0,"no comment",2,501,501,0,,0,1,"2018/10/08 22:13:33",0,0,0,1,0
