95,2017071803311_[]̌xxxxxxxxxxxxxxxxxxxxxxx.log,1,1,2017/08/25 21:09:32,2017/08/13 17:44
97,2017071803315_[]̌xxxxxxxxxxxxxxxxxxxxxxx.log,2,1,2017/08/27 23:50:21,2017/08/13 17:44
99,2017071803319_[]̌xxxxxxxxxxxxxxxxxxxxxxx.log,1,1,2017/08/25 21:09:44,2017/08/13 17:44
100,2017071803321_[]̌xxxxxxxxxxxxxxxxxxxxxxx.log,1,1,2017/08/27 23:50:26,2017/08/13 17:44
101,2017071803323_[]̌xxxxxxxxxxxxxxxxxxxxxxx.log,2,1,2017/08/27 23:50:38,2017/08/13 17:44
103,2017071803330_[]̌xxxxxxxxxxxxxxxxxxxxxxx.log,2,1,2017/08/27 23:50:22,2017/08/13 17:44
106,2017071803336_[]̌xxxxxxxxxxxxxxxxxxxxxxx.log,2,1,2017/08/27 23:50:37,2017/08/13 17:44
108,2017071803340_[]̌xxxxxxxxxxxxxxxxxxxxxxx.log,2,1,2017/08/27 23:50:22,2017/08/13 17:44
111,2017071803346_[]̌xxxxxxxxxxxxxxxxxxxxxxx.log,1,1,undefined,2017/08/13 17:44
112,2017071803348_[]̌xxxxxxxxxxxxxxxxxxxxxxx.log,0,1,undefined,2017/08/13 17:44
113,2017071803350_[]̌xxxxxxxxxxxxxxxxxxxxxxx.log,1,1,2017/08/25 21:09:35,2017/08/13 17:44
114,2017071803352_[]̌xxxxxxxxxxxxxxxxxxxxxxx.log,2,1,2017/08/27 23:50:32,2017/08/13 17:44
119,2017071803338_[]̌xxxxxxxxxxxxxxxxxxxxxxx.log,1,4,2017/08/27 23:50:09,2017/08/27 23:49
116,2017071803325_[]̌xxxxxxxxxxxxxxxxxxxxxxx.log,0,4,2017/08/27 23:50:04,2017/08/27 23:49
120,2017071803342_[]̌xxxxxxxxxxxxxxxxxxxxxxx.log,1,4,2017/08/27 23:50:15,2017/08/27 23:49
121,2017071803344_[]̌xxxxxxxxxxxxxxxxxxxxxxx.log,2,4,2017/08/27 23:50:29,2017/08/27 23:49
115,2017071803317_[]̌xxxxxxxxxxxxxxxxxxxxxxx.log,0,4,2017/08/27 23:50:04,2017/08/27 23:49
117,2017071803332_[]̌xxxxxxxxxxxxxxxxxxxxxxx.log,2,4,2017/08/27 23:50:30,2017/08/27 23:49
118,2017071803334_[]̌xxxxxxxxxxxxxxxxxxxxxxx.log,1,4,2017/08/27 23:50:07,2017/08/27 23:49
114,2017071803313_[]̌xxxxxxxxxxxxxxxxxxxxxxx.log,0,4,2017/08/27 23:50:04,2017/08/27 23:49
